Letter,Name of The Series,Thumbnail Image Link,Latest Episode,Release Date/Time
,,,,
Special Charecter,.Hack//G.U. Returner,https://gogocdn.net/images/anime/5745.jpg,.Hack//G.U. Returner Episode 1,31-12-2009 16:00
Special Charecter,.hack//G.U. Trilogy,https://gogocdn.net/images/Trilogy.jpg,.hack//G.U. Trilogy Episode 1,02-04-2014 19:42
Special Charecter,.hack//Gift,https://gogocdn.net/cover/hackgift.png,.hack//Gift Episode 1,01-02-2021 02:53
Special Charecter,.hack//Legend of the Twilight,https://gogocdn.net/images/anime/hacklegend-of-the-twilight2.jpg,.hack//Legend of the Twilight Episode 12,31-12-2009 16:00
Special Charecter,.hack//Liminality,https://gogocdn.net/images/anime/A/hackliminality.jpg,.hack//Liminality Episode 4,31-12-2009 16:00
Special Charecter,.hack//Liminality (Dub),https://gogocdn.net/cover/hackliminality-dub.png,.hack//Liminality (Dub) Episode 4,09-06-2021 22:43
Special Charecter,.hack//Quantum ,https://gogocdn.net/images/anime/A/hackquantum.jpg,.hack//Quantum  Episode 3,31-12-2009 16:00
Special Charecter,.hack//Roots,https://gogocdn.net/images/anime/A/hackroots.jpg,.hack//Roots Episode 26,31-12-2009 16:00
Special Charecter,.hack//Roots (Dub),https://gogocdn.net/cover/hackroots-dub.jpg,.hack//Roots (Dub) Episode 26,13-07-2016 02:40
Special Charecter,.Hack//Sign,https://gogocdn.net/images/anime/A/hacksign.jpg,.Hack//Sign Episode 28,31-12-2009 16:00
Special Charecter,.hack//Sign (Dub),https://gogocdn.net/cover/hacksign-dub.jpg,.hack//Sign (Dub) Episode 28,21-07-2016 02:29
Special Charecter,.hack//Tasogare no Udewa Densetsu (Dub),https://gogocdn.net/cover/hacktasogare-no-udewa-densetsu-dub.png,.hack//Tasogare no Udewa Densetsu (Dub) Episode 12,08-02-2021 11:48
Special Charecter,.hack//The Movie: Sekai no Mukou ni,https://gogocdn.net/images/hack The Movie Sekai no Mukou ni.jpg,.hack//The Movie: Sekai no Mukou ni Episode 1,02-04-2014 19:32
Special Charecter,"""Eiyuu"" Kaitai",https://gogocdn.net/cover/eiyuu-kaitai.png,"""Eiyuu"" Kaitai Episode 1",07-08-2018 10:36
Special Charecter,009 Re:Cyborg,https://gogocdn.net/images/anime/126644.jpg,009 Re:Cyborg Episode 1,31-12-2009 16:00
Special Charecter,009 Re:Cyborg (Dub),https://gogocdn.net/cover/009-recyborg-dub.jpg,009 Re:Cyborg (Dub) Episode 1,21-07-2016 03:03
Special Charecter,009-1,https://gogocdn.net/images/anime/A/009-1.jpg,009-1 Episode 13,31-12-2009 16:00
Special Charecter,009-1 (Dub),https://gogocdn.net/cover/009-1-dub.jpg,009-1 (Dub) Episode 12,03-08-2016 01:56
Special Charecter,07-GHOST,https://gogocdn.net/images/anime/A/07-ghost.jpg,07-GHOST Episode 25,31-12-2009 16:00
Special Charecter,100-man no Inochi no Ue ni Ore wa Tatteiru,https://gogocdn.net/cover/100-man-no-inochi-no-ue-ni-ore-wa-tatteiru.png,100-man no Inochi no Ue ni Ore wa Tatteiru Episode 12,18-12-2020 07:12
Special Charecter,100-man no Inochi no Ue ni Ore wa Tatteiru (Dub),https://gogocdn.net/cover/100-man-no-inochi-no-ue-ni-ore-wa-tatteiru-dub.png,100-man no Inochi no Ue ni Ore wa Tatteiru (Dub) Episode 12,29-01-2021 05:26
Special Charecter,100-man no Inochi no Ue ni Ore wa Tatteiru 2nd Season,https://gogocdn.net/cover/100-man-no-inochi-no-ue-ni-ore-wa-tatteiru-2nd-season.png,100-man no Inochi no Ue ni Ore wa Tatteiru 2nd Season Episode 2,1 day ago
Special Charecter,100% Pascal-sensei,https://gogocdn.net/cover/100-pascal-sensei.png,100% Pascal-sensei Episode 36,16-12-2017 02:01
Special Charecter,1001 Nights,https://gogocdn.net/images/1001 Nights.jpg,1001 Nights Episode 1,07-04-2014 02:05
Special Charecter,1001 Nights (Dub),https://gogocdn.net/cover/1001-nights-dub.png,1001 Nights (Dub) Episode 1,12-04-2019 02:15
Special Charecter,11eyes ,https://gogocdn.net/images/anime/A/11eyes.jpg,11eyes  Episode 13,31-12-2009 16:00
Special Charecter,12-sai.: Chicchana Mune no Tokimeki,https://gogocdn.net/cover/12-sai-chicchana-mune-no-tokimeki.jpg,12-sai.: Chicchana Mune no Tokimeki Episode 12,16-07-2016 23:04
Special Charecter,12-sai.: Chicchana Mune no Tokimeki 2nd Season,https://gogocdn.net/cover/12-sai-chicchana-mune-no-tokimeki-2nd-season.png,12-sai.: Chicchana Mune no Tokimeki 2nd Season Episode 12,12-01-2017 01:46
Special Charecter,"12-sai.: Kiss, Kirai, Suki",https://gogocdn.net/images/12-sai-Kiss-Kirai-Suki.jpg,"12-sai.: Kiss, Kirai, Suki Episode 12",27-10-2020 21:13
Special Charecter,18if,https://gogocdn.net/cover/18if.png,18if Episode 13,29-09-2017 07:48
Special Charecter,18if (Dub),https://gogocdn.net/cover/18if-dub.png,18if (Dub) Episode 13,13-10-2017 09:19
Special Charecter,2 x 2 Shinobuden,https://gogocdn.net/images/anime/A/2x2-shinobuden.jpg,2 x 2 Shinobuden Episode 12,31-12-2009 16:00
Special Charecter,2.43: Seiin Koukou Danshi Volley-bu,https://gogocdn.net/cover/2-43-seiin-koukou-danshi-volley-bu.png,2.43: Seiin Koukou Danshi Volley-bu Episode 12,25-03-2021 12:32
Special Charecter,22-Jul,https://gogocdn.net/cover/227.png,22/7 Episode 12,28-03-2020 09:05
Special Charecter,22/7: 8＋3=?,https://gogocdn.net/cover/227-83.png,22/7: 8＋3=? Episode 1,17-09-2020 05:47
Special Charecter,3 Choume no Tama: Uchi no Tama Shirimasen ka?,https://gogocdn.net/cover/3-choume-no-tama-uchi-no-tama-shirimasen-ka.png,3 Choume no Tama: Uchi no Tama Shirimasen ka? Episode 10,25-12-2020 06:57
Special Charecter,3 x 3 Eyes,https://gogocdn.net/images/anime/A/3x3-eyes.jpg,3 x 3 Eyes Episode 7,31-12-2009 16:00
Special Charecter,3-gatsu no Lion,https://gogocdn.net/cover/3-gatsu-no-lion.png,3-gatsu no Lion Episode 22,18-03-2017 10:19
Special Charecter,3-gatsu no Lion (Dub),https://gogocdn.net/cover/3-gatsu-no-lion-dub.png,3-gatsu no Lion (Dub) Episode 22,12-04-2019 02:29
Special Charecter,3-gatsu no Lion 2nd Season,https://gogocdn.net/cover/3-gatsu-no-lion-2nd-season.png,3-gatsu no Lion 2nd Season Episode 22,31-03-2018 10:22
Special Charecter,3-gatsu no Lion 2nd Season (Dub),https://gogocdn.net/cover/3-gatsu-no-lion-2nd-season-dub.png,3-gatsu no Lion 2nd Season (Dub) Episode 22,08-06-2019 00:21
Special Charecter,3-Nen D-Gumi Glass no Kamen,https://gogocdn.net/cover/3-nen-d-gumi-glass-no-kamen.png,3-Nen D-Gumi Glass no Kamen Episode 13,26-12-2016 07:31
Special Charecter,30-sai no Hoken Taiiku,https://gogocdn.net/images/anime/A/30-sai-no-Hoken-Taiiku.jpg,30-sai no Hoken Taiiku Episode 12,31-12-2009 16:00
Special Charecter,3000 Leagues in Search of Mother,https://gogocdn.net/images/anime/A/3000-leagues-in-search-of-mother.jpg,3000 Leagues in Search of Mother Episode 52,05-02-2013 20:18
Special Charecter, 3D Kanojo: Real Girl,https://gogocdn.net/cover/3d-kanojo-real-girl.png, 3D Kanojo: Real Girl Episode 12,19-06-2018 04:23
Special Charecter,3D Kanojo: Real Girl (Dub),https://gogocdn.net/cover/3d-kanojo-real-girl-dub.png,3D Kanojo: Real Girl (Dub) Episode 12,14-02-2019 14:36
Special Charecter,3D Kanojo: Real Girl 2nd Season,https://gogocdn.net/cover/3d-kanojo-real-girl-2nd-season.png,3D Kanojo: Real Girl 2nd Season Episode 12,26-03-2019 03:40
Special Charecter,3D Kanojo: Real Girl 2nd Season (Dub),https://gogocdn.net/cover/3d-kanojo-real-girl-2nd-season-dub.png,3D Kanojo: Real Girl 2nd Season (Dub) Episode 12,06-05-2019 01:21
Special Charecter,3x3 Eyes (Dub),https://gogocdn.net/cover/3x3-eyes-dub.png,3x3 Eyes (Dub) Episode 4,09-06-2021 23:12
Special Charecter,3x3 Eyes: Seima Densetsu,https://gogocdn.net/cover/3x3-eyes-seima-densetsu.png,3x3 Eyes: Seima Densetsu Episode 3,09-06-2021 22:35
Special Charecter,3x3 Eyes: Seima Densetsu (Dub),https://gogocdn.net/cover/3x3-eyes-seima-densetsu-dub.png,3x3 Eyes: Seima Densetsu (Dub) Episode 3,09-06-2021 22:31
Special Charecter,5 Centimeters Per Second,https://gogocdn.net/images/anime/22319.jpg,5 Centimeters Per Second Episode 1,31-12-2009 16:00
Special Charecter,5 Centimeters per Second (Dub),https://gogocdn.net/cover/5-centimeters-per-second-dub.jpg,5 Centimeters per Second (Dub) Episode 1,10-08-2016 19:43
Special Charecter,5-toubun no Hanayome 2,https://gogocdn.net/cover/5-toubun-no-hanayome-2.png,5-toubun no Hanayome 2 Episode 12,25-03-2021 13:15
Special Charecter,5-toubun no Hanayome 2 (Dub),https://gogocdn.net/cover/5-toubun-no-hanayome-2-dub.png,5-toubun no Hanayome 2 (Dub) Episode 12,18-06-2021 04:26
Special Charecter,6 Angels,https://gogocdn.net/images/anime/65476.jpg,6 Angels Episode 6,31-12-2009 16:00
Special Charecter,6HP (Six Hearts Princess),https://gogocdn.net/cover/6hp-six-hearts-princess.png,6HP (Six Hearts Princess) Episode 2,10-11-2019 00:47
Special Charecter,7 Seeds,https://gogocdn.net/cover/7-seeds.png,7 Seeds Episode 12,28-06-2019 03:44
Special Charecter,7 Seeds (Dub),https://gogocdn.net/cover/7-seeds-dub.png,7 Seeds (Dub) Episode 12,30-06-2019 21:59
Special Charecter,"7 Seeds 2nd Season	",https://gogocdn.net/cover/7-seeds-2nd-season.png,"7 Seeds 2nd Season	 Episode 12",26-03-2020 19:57
Special Charecter,7 Seeds 2nd Season (Dub),https://gogocdn.net/cover/7-seeds-2nd-season-dub.png,7 Seeds 2nd Season (Dub) Episode 12,26-03-2020 20:05
Special Charecter,86,https://gogocdn.net/cover/86.png,86 Episode 11,19-06-2021 10:01
Special Charecter,86 (Dub),https://gogocdn.net/cover/86-dub.png,86 (Dub) Episode 5,12 hours ago
Special Charecter,86 2nd Season,https://gogocdn.net/cover/86-2nd-season.png,No Episodes Uploaded...,Not Released Yet...
Special Charecter,86 Special Edition: Senya ni Akaku Hinageshi no Saku,https://gogocdn.net/cover/86-special-edition-senya-ni-akaku-hinageshi-no-saku.png,86 Special Edition: Senya ni Akaku Hinageshi no Saku Episode 1,26-06-2021 09:52
Special Charecter,91 Days,https://gogocdn.net/cover/91-days.jpg,91 Days Episode 12,30-09-2016 11:42
Special Charecter,91 Days (Dub),https://gogocdn.net/cover/91-days-dub.png,91 Days (Dub) Episode 12,16-01-2017 12:40
Special Charecter,91 Days Special,https://gogocdn.net/cover/91-days-special.png,91 Days Special Episode 1,06-09-2017 00:38
Special Charecter,ēlDLIVE,https://gogocdn.net/cover/eldlive.png,ēlDLIVE Episode 12,26-03-2017 09:09
Special Charecter,ēlDLIVE (Dub),https://gogocdn.net/cover/eldlive-dub.png,ēlDLIVE (Dub) Episode 12,20-04-2017 19:11
A,A Channel,https://gogocdn.net/images/anime/a-channel8.jpg,A Channel Episode 12,31-12-2009 16:00
A,A Channel Ova ,https://gogocdn.net/images/anime/a-channel8.jpg, A Channel Ova  Episode 2,31-12-2009 16:00
A,A Channel Special ,https://gogocdn.net/images/anime/a-channel8.jpg,A Channel Special  Episode 11,31-12-2009 16:00
A,A Day Before Us,https://gogocdn.net/cover/a-day-before-us.png,A Day Before Us Episode 18,03-04-2021 14:09
A,A Letter to Momo (Dub),https://gogocdn.net/cover/a-letter-to-momo-dub.jpg,A Letter to Momo (Dub) Episode 1,10-08-2016 19:44
A,A Little Snow Fairy Sugar,https://gogocdn.net/images/anime/a-little-snow-fairy-sugar4.jpg,A Little Snow Fairy Sugar Episode 26,12-01-2015 18:59
A,A Little Snow Fairy Sugar (Dub),https://gogocdn.net/cover/a-little-snow-fairy-sugar-dub.jpg,A Little Snow Fairy Sugar (Dub) Episode 26,03-08-2016 21:53
A,A Starry Tale (Dub),https://gogocdn.net/cover/a-starry-tale-dub.jpg,A Starry Tale (Dub) Episode 1,10-08-2016 20:01
A,A Town Where You Live,https://gogocdn.net/images/anime/A-Town-Where-You-Live.jpg,A Town Where You Live Episode 12,31-12-2009 16:00
A,A Tree of Palme (Dub),https://gogocdn.net/cover/a-tree-of-palme-dub.jpg,A Tree of Palme (Dub) Episode 1,10-08-2016 20:03
A,A Useless Onmyoji Family,https://gogocdn.net/cover/a-useless-onmyoji-family.png,A Useless Onmyoji Family Episode 12,07-06-2020 14:13
A,A Wind Named Amnesia,https://gogocdn.net/images/anime/A/11114.jpg,A Wind Named Amnesia Episode 1,31-12-2009 16:00
A,A Wind Named Amnesia (Dub),https://gogocdn.net/cover/a-wind-named-amnesia-dub.jpg,A Wind Named Amnesia (Dub) Episode 1,10-08-2016 20:35
A,A-Channel: Nabe wo Tabeyou,https://gogocdn.net/cover/a-channel-nabe-wo-tabeyou.png,A-Channel: Nabe wo Tabeyou Episode 1,13-11-2019 22:18
A,A.D. Police (Dub),https://gogocdn.net/cover/a-d-police-dub.jpg,A.D. Police (Dub) Episode 15,10-08-2016 21:45
A,A.I.C.O.: Incarnation,https://gogocdn.net/cover/a-i-c-o-incarnation.png,A.I.C.O.: Incarnation Episode 12,09-03-2018 09:57
A,A.I.C.O.: Incarnation (Dub),https://gogocdn.net/cover/a-i-c-o-incarnation-dub.png,A.I.C.O.: Incarnation (Dub) Episode 12,03-05-2019 12:48
A,A3! Season Autumn & Winter,https://gogocdn.net/cover/a3-season-autumn-winter.png,A3! Season Autumn & Winter Episode 12,28-12-2020 08:46
A,A3! Season Spring & Summer,https://gogocdn.net/cover/a3-season-spring-summer.png,A3! Season Spring & Summer Episode 12,22-06-2020 13:38
A,A3! Season Spring & Summer (Dub),https://gogocdn.net/cover/a3-season-spring-summer-dub.png,A3! Season Spring & Summer (Dub) Episode 3,10-02-2020 20:25
A,Aa Harimanada,https://gogocdn.net/cover/aa-harimanada.png,Aa Harimanada Episode 23,02-05-2019 11:22
A,Aa! Megami-sama!,https://gogocdn.net/cover/aa-megami-sama.png,Aa! Megami-sama! Episode 5,13-03-2021 13:02
A,Aa! Megami-sama! (TV) (Dub),https://gogocdn.net/cover/aa-megami-sama-tv-dub.png,Aa! Megami-sama! (TV) (Dub) Episode 24,12-03-2020 03:55
A,Aa! Megami-sama!: Chichaitte Koto wa Benri da ne,https://gogocdn.net/cover/aa-megami-sama-chichaitte-koto-wa-benri-da-ne.png,Aa! Megami-sama!: Chichaitte Koto wa Benri da ne Episode 48,02-06-2021 02:49
A,Aa! Megami-sama!: Chichaitte Koto wa Benri da ne (Dub),https://gogocdn.net/cover/aa-megami-sama-chichaitte-koto-wa-benri-da-ne-dub.png,Aa! Megami-sama!: Chichaitte Koto wa Benri da ne (Dub) Episode 48,02-06-2021 03:37
A,Aachi and Ssipak,https://gogocdn.net/images/Aachi.jpg,Aachi and Ssipak Episode 1,07-04-2014 02:41
A,Aachi wa Ssipak (Dub),https://gogocdn.net/cover/aachi-wa-ssipak-dub.jpg,Aachi wa Ssipak (Dub) Episode 1,10-08-2016 21:49
A,Abarenbou Rikishi!! Matsutarou,https://gogocdn.net/images/spring/Abarenbou Rikishi Matsutarou.jpg,Abarenbou Rikishi!! Matsutarou Episode 23,27-09-2014 17:23
A,Abciee Shuugyou Nikki,https://gogocdn.net/cover/abciee-shuugyou-nikki.png,Abciee Shuugyou Nikki Episode 12,24-03-2021 11:10
A,Abenobashi,https://gogocdn.net/images/anime/abenobashi.jpg,Abenobashi Episode 13,31-12-2009 16:00
A,Abenobashi Mahou Shoutengai (Dub),https://gogocdn.net/cover/abenobashi-mahou-shoutengai-dub.jpg,Abenobashi Mahou Shoutengai (Dub) Episode 13,10-08-2016 21:57
A,Absolute Duo,https://gogocdn.net/images/upload/164406.jpg,Absolute Duo Episode 12,23-03-2015 10:56
A,Absolute Duo (Dub),https://gogocdn.net/cover/absolute-duo-dub.jpg,Absolute Duo (Dub) Episode 12,10-08-2016 23:34
A,Abunai Sisters: Koko & Mika (Dub),https://gogocdn.net/cover/abunai-sisters-koko-mika-dub.png,Abunai Sisters: Koko & Mika (Dub) Episode 10,01-10-2020 23:25
A,ACCA: 13-ku Kansatsu-ka,https://gogocdn.net/cover/acca-13-ku-kansatsu-ka.png,ACCA: 13-ku Kansatsu-ka Episode 12,28-03-2017 08:43
A,ACCA: 13-ku Kansatsu-ka - Regards,https://gogocdn.net/cover/acca-13-ku-kansatsu-ka-regards.png,ACCA: 13-ku Kansatsu-ka - Regards Episode 1,03-03-2020 18:08
A,ACCA: 13-ku Kansatsu-ka (Dub),https://gogocdn.net/cover/acca-13-ku-kansatsu-ka-dub.png,ACCA: 13-ku Kansatsu-ka (Dub) Episode 12,13-04-2017 19:12
A,Accel World,https://gogocdn.net/images/anime/accel-world.jpg,Accel World Episode 24,31-12-2009 16:00
A,Accel World (Dub),https://gogocdn.net/cover/accel-world-dub.jpg,Accel World (Dub) Episode 24,10-08-2016 23:49
A,Accel World EX,https://gogocdn.net/cover/accel-world-ex.png,Accel World EX Episode 2,31-12-2009 16:00
A,Accel World EX (Dub),https://gogocdn.net/cover/accel-world-ex-dub.png,Accel World EX (Dub) Episode 2,09-06-2021 23:25
A,Accel World Specials,https://gogocdn.net/images/anime/accel-world.jpg,Accel World Specials Episode 8,31-12-2009 16:00
A,Accel World: Infinite∞Burst,https://gogocdn.net/cover/accel-world-infiniteburst.png,Accel World: Infinite∞Burst Episode 1,31-07-2017 02:50
A,Acchi Kocchi,https://gogocdn.net/images/anime/acchi-kocchi.jpg,Acchi Kocchi Episode 12,31-12-2009 16:00
A,Acchi Kocchi Youchien,https://gogocdn.net/cover/acchi-kocchi-youchien.png,Acchi Kocchi Youchien Episode 12,22-06-2021 21:34
A,Acchi Kocchi: Place=Princess,https://gogocdn.net/images/upload/Acchi Kocchi - Place=Princess.jpg,Acchi Kocchi: Place=Princess Episode 1,02-02-2015 18:43
A,Ace wo Nerae!,https://gogocdn.net/cover/ace-wo-nerae.png,Ace wo Nerae! Episode 26,01-06-2019 13:50
A,Ace wo Nerae! (1979),https://gogocdn.net/cover/ace-wo-nerae-1979.png,Ace wo Nerae! (1979) Episode 1,17-11-2019 04:01
A,Ace wo Nerae! 2,https://gogocdn.net/cover/ace-wo-nerae-2.png,Ace wo Nerae! 2 Episode 13,21-06-2020 14:35
A,Ace wo Nerae!: Final Stage,https://gogocdn.net/cover/ace-wo-nerae-final-stage.png,Ace wo Nerae!: Final Stage Episode 12,04-06-2021 22:29
A,Action Heroine Cheer Fruits,https://gogocdn.net/cover/action-heroine-cheer-fruits.png,Action Heroine Cheer Fruits Episode 12,30-09-2017 09:51
A,Active Raid: Kidou Kyoushuushitsu Dai Hachi Gakari 2nd,https://gogocdn.net/cover/active-raid-kidou-kyoushuushitsu-dai-hachi-gakari-2nd.jpg,Active Raid: Kidou Kyoushuushitsu Dai Hachi Gakari 2nd Episode 12,25-09-2016 10:07
A,Active Raid: Kidou Kyoushuushitsu Dai Hakkei,https://gogocdn.net/images/upload/77355.jpg,Active Raid: Kidou Kyoushuushitsu Dai Hakkei Episode 12,24-03-2016 07:36
A,Actors: Songs Connection,https://gogocdn.net/cover/actors-songs-connection.png,Actors: Songs Connection Episode 12,22-12-2019 09:29
A,Actors: Songs Connection (Dub),https://gogocdn.net/cover/actors-songs-connection-dub.png,Actors: Songs Connection (Dub) Episode 12,09-02-2020 14:03
A,AD Police,https://gogocdn.net/cover/ad-police.png,AD Police Episode 3,15-12-2019 07:05
A,Adachi to Shimamura,https://gogocdn.net/cover/adachi-to-shimamura.png,Adachi to Shimamura Episode 12,24-12-2020 09:58
A,Adachi to Shimamura (Dub),https://gogocdn.net/cover/adachi-to-shimamura-dub.png,Adachi to Shimamura (Dub) Episode 12,13-05-2021 11:58
A,Adieu Galaxy Express 999 (Dub),https://gogocdn.net/cover/adieu-galaxy-express-999-dub.jpg,Adieu Galaxy Express 999 (Dub) Episode 1,10-08-2016 23:51
A,Africa no Salaryman (TV),https://gogocdn.net/cover/africa-no-salaryman-tv.png,Africa no Salaryman (TV) Episode 12,22-12-2019 09:39
A,Africa no Salaryman (TV) (Dub),https://gogocdn.net/cover/africa-no-salaryman-tv-dub.png,Africa no Salaryman (TV) (Dub) Episode 12,12-01-2020 19:26
A,Afro Samurai,https://gogocdn.net/images/anime/afro-samurai.jpg,Afro Samurai Episode 5,13-11-2019 10:26
A,Afro Samurai (Dub),https://gogocdn.net/cover/afro-samurai-dub.jpg,Afro Samurai (Dub) Episode 1,10-08-2016 23:51
A,Afro Samurai: Resurrection (Dub),https://gogocdn.net/cover/afro-samurai-resurrection-dub.jpg,Afro Samurai: Resurrection (Dub) Episode 1,11-08-2016 00:05
A,Afro-Ken,https://gogocdn.net/cover/afro-ken.png,Afro-Ken Episode 1,03-03-2021 22:11
A,Against the Sky Supreme,https://gogocdn.net/cover/against-the-sky-supreme.png,Against the Sky Supreme Episode 1,1 day ago
A,Agatha Christie no Meitantei Poirot to Marple,https://gogocdn.net/cover/agatha-christie-no-meitantei-poirot-to-marple.png,Agatha Christie no Meitantei Poirot to Marple Episode 39,18-03-2020 00:37
A,Age of Gunslingers Ⅲ: Xue Zu Mi Shi,https://gogocdn.net/cover/age-of-gunslingers-xue-zu-mi-shi.png,Age of Gunslingers Ⅲ: Xue Zu Mi Shi Episode 12,16-03-2020 02:58
A,Agent Aika,https://gogocdn.net/images/anime/agent-aika.jpg,Agent Aika Episode 8,12-01-2015 18:48
A,Aggressive Retsuko,https://gogocdn.net/cover/aggressive-retsuko.png,Aggressive Retsuko Episode 100,10-04-2018 03:01
A,Aggressive Retsuko (2018),https://gogocdn.net/cover/aggressive-retsuko-2018.png,Aggressive Retsuko (2018) Episode 10,14-06-2019 05:02
A,Aggressive Retsuko (ONA) 2nd Season,https://gogocdn.net/cover/aggressive-retsuko-ona-2nd-season.png,Aggressive Retsuko (ONA) 2nd Season Episode 10,14-06-2019 06:05
A,Aggressive Retsuko (ONA) 3rd Season,https://gogocdn.net/cover/aggressive-retsuko-ona-3rd-season.png,Aggressive Retsuko (ONA) 3rd Season Episode 10,27-08-2020 10:08
A,Aggressive Retsuko (ONA) 3rd Season (Dub),https://gogocdn.net/cover/aggressive-retsuko-ona-3rd-season-dub.png,Aggressive Retsuko (ONA) 3rd Season (Dub) Episode 10,27-08-2020 11:55
A,Aggressive Retsuko: We Wish You a Metal Christmas,https://gogocdn.net/cover/aggressive-retsuko-we-wish-you-a-metal-christmas.png,Aggressive Retsuko: We Wish You a Metal Christmas Episode 1,20-12-2018 01:46
A,Aguu: Tensai Ningyou,https://gogocdn.net/cover/aguu-tensai-ningyou.png,Aguu: Tensai Ningyou Episode 12,29-09-2018 09:32
A,Ah! My Goddess,https://gogocdn.net/images/anime/ah-my-goddess.jpg,Ah! My Goddess Episode 27,31-12-2009 16:00
A,Ah! My Goddess - Flights of Fancy (Dub),https://gogocdn.net/cover/ah-my-goddess-flights-of-fancy-dub.jpg,Ah! My Goddess - Flights of Fancy (Dub) Episode 22,18-08-2016 00:07
A,Ah! My Goddess - Flights of Fancy Specials (Dub),https://gogocdn.net/cover/ah-my-goddess-flights-of-fancy-specials-dub.jpg,Ah! My Goddess - Flights of Fancy Specials (Dub) Episode 1,18-08-2016 00:11
A,Ah! My Goddess OVA,https://gogocdn.net/images/anime/ah-my-goddess.jpg, Ah! My Goddess OVA Episode 3,31-12-2009 16:00
A,Ah! My Goddess The Movie,https://gogocdn.net/images/anime/A/73937.jpg,Ah! My Goddess The Movie Episode 1,31-12-2009 16:00
A,Ah! My Goddess: Everyone Has Wings ,https://gogocdn.net/images/anime/ah-my-goddess.jpg,Ah! My Goddess: Everyone Has Wings  Episode 24,22-02-2016 20:58
A,Ah! My Goddess: Itsumo Futari De,https://gogocdn.net/images/anime/ah-my-goddess.jpg, Ah! My Goddess: Itsumo Futari De Episode 1,31-12-2009 16:00
A,Ah! My Goddess: The Movie (Dub),https://gogocdn.net/cover/ah-my-goddess-the-movie-dub.jpg,Ah! My Goddess: The Movie (Dub) Episode 1,18-08-2016 00:14
A,Ahiru no Sora,https://gogocdn.net/cover/ahiru-no-sora.png,Ahiru no Sora Episode 50,30-09-2020 03:52
A,Ahiru no Sora (Dub),https://gogocdn.net/cover/ahiru-no-sora-dub.png,Ahiru no Sora (Dub) Episode 50,06-01-2021 09:50
A,Aho Girl,https://gogocdn.net/cover/aho-girl.png,Aho Girl Episode 12,19-09-2017 08:37
A,Ai City,https://gogocdn.net/cover/ai-city.png,Ai City Episode 1,30-04-2021 03:37
A,Ai Mai Mi,https://gogocdn.net/images/anime/A/ai_mai_mi.jpg,Ai Mai Mi Episode 13,31-12-2009 16:00
A,Ai Mai Mii: Mousou Catastrophe,https://gogocdn.net/images/summer/ai_mai_mii_2014.jpg,Ai Mai Mii: Mousou Catastrophe Episode 12,25-09-2014 11:03
A,Ai Mai Mii: Mousou Catastrophe Special,https://gogocdn.net/images/upload/64843.jpg,Ai Mai Mi: Mousou Catastrophe Special Episode 1,08-04-2015 12:02
A,Ai Mai Mii: Surgical Friends,https://gogocdn.net/cover/ai-mai-mii-surgical-friends.png,Ai Mai Mii: Surgical Friends Episode 12,21-03-2017 08:48
A,Ai Mai! Moe Can Change!,https://gogocdn.net/images/Ai Mai Moe Can Change.jpg,Ai Mai! Moe Can Change! Episode 1,02-04-2014 20:28
A,"Ai Monogatari: 9 Love Stories	",https://gogocdn.net/cover/ai-monogatari-9-love-stories.png,"Ai Monogatari: 9 Love Stories	 Episode 2",14-02-2020 01:06
A,Ai no Kusabi Ova,https://gogocdn.net/images/anime/A/ai-no-kusabi-ova.jpg,Ai no Kusabi Ova Episode 4,31-12-2009 16:00
A,Ai no Wakakusa Monogatari,https://gogocdn.net/cover/ai-no-wakakusa-monogatari.png,Ai no Wakakusa Monogatari Episode 48,21-06-2021 01:46
A,Ai no Wakakusa Monogatari (Dub),https://gogocdn.net/cover/ai-no-wakakusa-monogatari-dub.png,Ai no Wakakusa Monogatari (Dub) Episode 48,29-10-2019 13:10
A,Ai Shite Night,https://gogocdn.net/images/anime/A/ai-shite-night.jpg,Ai Shite Night Episode 4,31-12-2009 16:00
A,Ai Shoujo Pollyanna Story,https://gogocdn.net/cover/ai-shoujo-pollyanna-story.png,Ai Shoujo Pollyanna Story Episode 51,16-09-2019 11:09
A,Ai Tenchi Muyo!,https://gogocdn.net/images/fall/Ai Tenchi Muyo.jpg,Ai Tenchi Muyo! Episode 60,27-12-2014 03:47
A,Ai to Yuuki no Pig Girl Tonde Buurin,https://gogocdn.net/images/anime/A/Ai-to-Yuuki-no-Pig-Girl-Tonde-Buurin.jpg,Ai to Yuuki no Pig Girl Tonde Buurin Episode 13,30-05-2021 18:32
A,Ai Yori Aoshi,https://gogocdn.net/images/anime/ai-yori-aoshi.jpg,Ai Yori Aoshi Episode 24,31-12-2009 16:00
A,Ai Yori Aoshi (Dub),https://gogocdn.net/cover/ai-yori-aoshi-dub.jpg,Ai Yori Aoshi (Dub) Episode 24,18-08-2016 00:44
A,Ai Yori Aoshi Enishi,https://gogocdn.net/images/anime/ai-yori-aoshi.jpg,Ai Yori Aoshi Enishi Episode 12,31-12-2009 16:00
A,Ai Yori Aoshi Special,https://gogocdn.net/images/anime/ai-yori-aoshi.jpg,Ai Yori Aoshi Special Episode 1,31-12-2009 16:00
A,Ai Yori Aoshi: Enishi (Dub),https://gogocdn.net/cover/ai-yori-aoshi-enishi-dub.jpg,Ai Yori Aoshi: Enishi (Dub) Episode 12,18-08-2016 00:54
A,AIKa (Dub),https://gogocdn.net/cover/aika-dub.png,AIKa (Dub) Episode 7,24-08-2020 00:00
A,AIKa R-16 Virgin Mission,https://gogocdn.net/images/anime/A/aika-r-16-virgin-mission.jpg,AIKa R-16 Virgin Mission Episode 3,31-12-2009 16:00
A,AIKa R-16: Virgin Mission (Dub),https://gogocdn.net/cover/aika-r-16-virgin-mission-dub.png,AIKa R-16: Virgin Mission (Dub) Episode 3,06-09-2020 23:26
A,Aika Zero OVA,https://gogocdn.net/images/anime/A/aika-zero.jpg,Aika Zero OVA Episode 3,31-12-2009 16:00
A,Aikatsu Friends!,https://gogocdn.net/cover/aikatsu-friends.png,Aikatsu Friends! Episode 50,30-03-2019 12:18
A,Aikatsu Friends!: Kagayaki no Jewel,https://gogocdn.net/cover/aikatsu-friends-kagayaki-no-jewel.png,Aikatsu Friends!: Kagayaki no Jewel Episode 26,29-09-2019 14:23
A,Aikatsu on Parade!,https://gogocdn.net/cover/aikatsu-on-parade.png,Aikatsu on Parade! Episode 25,30-03-2020 18:47
A,Aikatsu on Parade! (ONA),https://gogocdn.net/cover/aikatsu-on-parade-ona.png,Aikatsu on Parade! (ONA) Episode 6,16-07-2020 05:19
A,Aikatsu Planet!,https://gogocdn.net/cover/aikatsu-planet.png,Aikatsu Planet! Episode 25,29-06-2021 09:21
A,Aikatsu Stars!,https://gogocdn.net/cover/aikatsu-stars.jpg,Aikatsu Stars! Episode 100,02-04-2018 21:33
A,Aikatsu Stars! Movie,https://gogocdn.net/cover/aikatsu-stars-movie.png,Aikatsu Stars! Movie Episode 1,05-03-2017 22:35
A,Aikatsu!,https://gogocdn.net/images/anime/aikatsu.jpg,Aikatsu! Episode 50,31-12-2009 16:00
A,Aikatsu! 2,https://gogocdn.net/images/anime/aikatsu.jpg,Aikatsu! 2 Episode 51,27-09-2014 22:10
A,Aikatsu! 3,https://gogocdn.net/images/fall/Aikatsu3.jpg,Aikatsu! 3 Episode 51,27-09-2015 21:42
A,Aikatsu! 4,https://gogocdn.net/cover/aikatsu-4.png,Aikatsu! 4 Episode 26,31-03-2016 23:32
A,Aikatsu! Movie,https://gogocdn.net/images/upload/unnamed.jpg,Aikatsu! Movie Episode 1,16-06-2015 00:36
A,Aikatsu!: Nerawareta Mahou no Aikatsu! Card,https://gogocdn.net/cover/aikatsu-nerawareta-mahou-no-aikatsu-card.png,Aikatsu!: Nerawareta Mahou no Aikatsu! Card Episode 1,05-03-2017 22:46
A,Air (Dub),https://gogocdn.net/cover/air-dub.jpg,Air (Dub) Episode 12,18-08-2016 01:10
A,Air (Movie) (Dub),https://gogocdn.net/cover/air-movie-dub.jpg,Air (Movie) (Dub) Episode 1,18-08-2016 01:22
A,Air Gear,https://gogocdn.net/images/anime/A/air-gear.jpg,Air Gear Episode 25,31-12-2009 16:00
A,Air Gear (Dub),https://gogocdn.net/cover/air-gear-dub.jpg,Air Gear (Dub) Episode 25,18-08-2016 02:03
A,Air Gear OVA,https://gogocdn.net/images/anime/A/air-gear.jpg,Air Gear OVA Episode 2,31-12-2009 16:00
A,Air in Summer (Dub),https://gogocdn.net/cover/air-in-summer-dub.png,Air in Summer (Dub) Episode 2,03-11-2016 01:24
A,Air In Summer Special Part,https://gogocdn.net/cover/air-in-summer-special-part.png,Air In Summer Special Part Episode 2,31-12-2009 16:00
A,Air Master,https://gogocdn.net/images/anime/A/air-master.jpg,Air Master Episode 27,31-12-2009 16:00
A,Air Movie,https://gogocdn.net/images/anime/A/air-tv.jpg,Air Movie Episode 1,31-12-2009 16:00
A,Air OVA,https://gogocdn.net/images/anime/A/air-tv.jpg,Air OVA Episode 2,16-03-2014 21:35
A,Air TV,https://gogocdn.net/images/anime/A/air-tv.jpg,Air TV Episode 13,31-12-2009 16:00
A,Aishen Qiaokeli-ing...,https://gogocdn.net/cover/aishen-qiaokeli-ing.png,Aishen Qiaokeli-ing... Episode 15,08-05-2019 00:36
A,Aishen Qiaokeli-ing... 2nd Season,https://gogocdn.net/cover/aishen-qiaokeli-ing-2nd-season.png,Aishen Qiaokeli-ing... 2nd Season Episode 15,11-04-2018 01:40
A,Aishite Knight,https://gogocdn.net/cover/aishite-knight.png,Aishite Knight Episode 42,11-08-2019 23:03
A,Aishiteruze Baby,https://gogocdn.net/images/anime/A/aishiteruze-baby.jpg,Aishiteruze Baby Episode 26,31-12-2009 16:00
A,Aiura,https://gogocdn.net/images/anime/A/Aiura.jpg,Aiura Episode 12,31-12-2009 16:00
A,Ajimu Kaigan Monogatari,https://gogocdn.net/images/anime/A/ajimu-kaigan-monogatari.jpg,Ajimu Kaigan Monogatari Episode 4,31-12-2009 16:00
A,Ajin,https://gogocdn.net/cover/ajin.png,Ajin Episode 13,10-04-2016 14:18
A,Ajin (Dub),https://gogocdn.net/cover/ajin-dub.png,Ajin (Dub) Episode 13,13-04-2019 01:56
A,Ajin 2nd Season,https://gogocdn.net/cover/ajin-2nd-season.png,Ajin 2nd Season Episode 13,24-12-2016 00:28
A,Ajin 2nd Season (Dub),https://gogocdn.net/cover/ajin-2nd-season-dub.png,Ajin 2nd Season (Dub) Episode 13,13-05-2021 06:58
A,Ajin OVA,https://gogocdn.net/cover/ajin-ova.jpg,Ajin OVA Episode 3,23-04-2017 13:47
A,Ajin Part 1: Shoudou,https://gogocdn.net/images/upload/Ajin Part 1 - Shoudou.jpg,Ajin Part 1: Shoudou Episode 1,18-01-2016 11:37
A,Akachan Honbuchou,https://gogocdn.net/cover/akachan-honbuchou.png,No Episodes Uploaded...,Not Released Yet...
A,Akachan to Boku,https://gogocdn.net/cover/akachan-to-boku.png,Akachan to Boku Episode 23,28-02-2021 13:03
A,Akadou Suzunosuke,https://gogocdn.net/cover/akadou-suzunosuke.png,No Episodes Uploaded...,Not Released Yet...
A,Akagami no Shirayuki-hime (Dub),https://gogocdn.net/cover/akagami-no-shirayuki-hime-dub.png,Akagami no Shirayuki-hime (Dub) Episode 12,03-11-2016 02:12
A,Akagami no Shirayuki-hime 2nd Season,https://gogocdn.net/images/upload/77218.jpg,Akagami no Shirayuki-hime 2nd Season Episode 12,28-03-2016 09:13
A,Akagami no Shirayuki-hime 2nd Season (Dub),https://gogocdn.net/cover/akagami-no-shirayuki-hime-2nd-season-dub.png,Akagami no Shirayuki-hime 2nd Season (Dub) Episode 12,03-11-2016 02:17
A,"Akagami no Shirayuki-hime: Nandemonai Takaramono, Kono Page",https://gogocdn.net/cover/akagami-no-shirayuki-hime-nandemonai-takaramono-kono-page.png,"Akagami no Shirayuki-hime: Nandemonai Takaramono, Kono Page Episode 1",15-01-2016 13:38
A,Akagami no Shirayukihime,https://gogocdn.net/images/upload/akagami.jpg,Akagami no Shirayukihime Episode 12,21-09-2015 09:17
A,Akage no Anne,https://gogocdn.net/cover/akage-no-anne.png,Akage no Anne Episode 50,08-07-2019 23:55
A,Akage no Anne (Dub),https://gogocdn.net/cover/akage-no-anne-dub.png,Akage no Anne (Dub) Episode 50,06-07-2019 00:09
A,Akage no Anne: Green Gables e no Michi,https://gogocdn.net/cover/akage-no-anne-green-gables-e-no-michi.png,Akage no Anne: Green Gables e no Michi Episode 1,04-12-2020 05:28
A,Akage no Anne: Green Gables e no Michi (Dub),https://gogocdn.net/cover/akage-no-anne-green-gables-e-no-michi-dub.png,Akage no Anne: Green Gables e no Michi (Dub) Episode 1,04-12-2020 05:30
A,Akagi,https://gogocdn.net/images/anime/A/akagi.jpg,Akagi Episode 26,31-12-2009 16:00
A,Akahori Gedou Hour Rabuge,https://gogocdn.net/cover/akahori-gedou-hour-rabuge.png,Akahori Gedou Hour Rabuge Episode 13,18-01-2019 02:40
A,Akai Hayate,https://gogocdn.net/cover/akai-hayate.png,Akai Hayate Episode 4,23-08-2019 01:03
A,Akai Kiba: Blue Sonnet,https://gogocdn.net/cover/akai-kiba-blue-sonnet.png,Akai Kiba: Blue Sonnet Episode 5,25-09-2019 22:35
A,Akai Koudan Zillion,https://gogocdn.net/cover/akai-koudan-zillion.png,Akai Koudan Zillion Episode 31,02-02-2019 17:18
A,Akame ga Kill!,https://gogocdn.net/images/summer/akame_ga_kill.jpg,Akame ga Kill! Episode 24,14-12-2014 09:05
A,Akame ga Kill! (Dub),https://gogocdn.net/cover/akame-ga-kill-dub.png,Akame ga Kill! (Dub) Episode 24,03-11-2016 02:28
A,Akame ga Kill! Theater,https://gogocdn.net/images/summer/akame.jpg,Akame ga Kill! Theater Episode 24,14-12-2014 19:09
A,Akane Iro ni Somaru Saka,https://gogocdn.net/images/anime/A/akane-iro-ni-somaru-saka.jpg,Akane Iro ni Somaru Saka Episode 12,31-12-2009 16:00
A,Akane Maniax,https://gogocdn.net/images/anime/A/akane-maniax.jpg,Akane Maniax Episode 3,31-12-2009 16:00
A,Akaneiro ni Somaru Saka: Hardcore,https://gogocdn.net/images/upload/15583.jpg,Akaneiro ni Somaru Saka: Hardcore Episode 1,20-10-2015 00:11
A,Akanesasu Shoujo,https://gogocdn.net/cover/akanesasu-shoujo.png,Akanesasu Shoujo Episode 12,16-12-2018 19:54
A,Akatsuki no Yona,https://gogocdn.net/images/fall/Akatsuki no Yona.jpg,Akatsuki no Yona Episode 24,24-03-2015 08:05
A,Akatsuki no Yona (Dub),https://gogocdn.net/cover/akatsuki-no-yona-dub.png,Akatsuki no Yona (Dub) Episode 24,03-11-2016 02:36
A,Akatsuki no Yona: Sono Se niwa,https://gogocdn.net/images/upload/75974.jpg,Akatsuki no Yona: Sono Se niwa Episode 3,07-01-2017 20:03
A,Akazukin Cha Cha,https://gogocdn.net/images/anime/A/Akazukin-cha-cha.png,Akazukin Cha Cha Episode 74,31-12-2009 16:00
A,AKB0048,https://gogocdn.net/images/anime/A/akb0048.jpg,AKB0048 Episode 13,31-12-2009 16:00
A,AKB0048 First Stage (Dub),https://gogocdn.net/cover/akb0048-first-stage-dub.png,AKB0048 First Stage (Dub) Episode 13,03-11-2016 01:30
A,AKB0048 Next Stage,https://gogocdn.net/images/anime/A/akb0048_next_stage.jpg,AKB0048 Next Stage Episode 13,31-12-2009 16:00
A,AKB0048: Next Stage (Dub),https://gogocdn.net/cover/akb0048-next-stage-dub.png,AKB0048: Next Stage (Dub) Episode 13,25-05-2021 07:06
A,Aki no Kanade,https://gogocdn.net/images/upload/72481.jpg,Aki no Kanade Episode 1,05-04-2015 04:11
A,Akiba-chan,https://gogocdn.net/cover/akiba-chan.png,Akiba-chan Episode 10,05-09-2019 02:59
A,Akiba's Trip The Animation,https://gogocdn.net/cover/akibas-trip-the-animation.png,Akiba's Trip The Animation Episode 13,29-03-2017 07:10
A,Akiba's Trip The Animation (Dub),https://gogocdn.net/cover/akibas-trip-the-animation-dub.png,Akiba's Trip The Animation (Dub) Episode 13,05-04-2017 09:34
A,Akihabara Dennou-gumi,https://gogocdn.net/cover/akihabara-dennou-gumi.png,Akihabara Dennou-gumi Episode 26,04-07-2020 02:07
A,Akikan,https://gogocdn.net/images/anime/A/akikan.jpg,Akikan Episode 12,31-12-2009 16:00
A,Akikan OVA,https://gogocdn.net/images/anime/A/akikan.jpg,Akikan OVA Episode 1,31-12-2009 16:00
A,Akira,https://gogocdn.net/images/anime/A/12452.jpg,Akira Episode 1,31-12-2009 16:00
A,Akira (Dub),https://gogocdn.net/cover/akira-dub.png,Akira (Dub) Episode 1,03-11-2016 02:20
A,Akkun to Kanojo,https://gogocdn.net/cover/akkun-to-kanojo.png,Akkun to Kanojo Episode 25,20-09-2018 23:21
A,Aku no Hana,https://gogocdn.net/images/anime/A/Aku-no-Hana.jpg,Aku no Hana Episode 13,31-12-2009 16:00
A,Akudama Drive,https://gogocdn.net/cover/akudama-drive.png,Akudama Drive Episode 12,24-12-2020 05:28
A,Akudama Drive (Dub),https://gogocdn.net/cover/akudama-drive-dub.png,Akudama Drive (Dub) Episode 12,11-03-2021 06:41
A,Akuma no Memumemu-chan,https://gogocdn.net/cover/akuma-no-memumemu-chan.png,Akuma no Memumemu-chan Episode 1,07-04-2018 18:40
A,Akuma no Riddle,https://gogocdn.net/images/spring/Akuma no Riddle.jpg,Akuma no Riddle Episode 12,20-06-2014 08:07
A,Akuma no Riddle (Dub),https://gogocdn.net/cover/akuma-no-riddle-dub.png,Akuma no Riddle (Dub) Episode 12,03-11-2016 01:10
A,Akuma no Riddle: Shousha wa Dare? Nukiuchi Test,https://gogocdn.net/images/upload/AKUMA NO RIDDLE - SHOUSHA WA DARE- NUKIUCHI TEST.jpg,Akuma no Riddle: Shousha wa Dare? Nukiuchi Test Episode 1,22-12-2014 18:36
A,Akuma-kun (Movie),https://gogocdn.net/cover/akuma-kun-movie.png,Akuma-kun (Movie) Episode 1,06-04-2020 22:00
A,Akuma-kun: Youkoso Akuma Land e!!,https://gogocdn.net/cover/akuma-kun-youkoso-akuma-land-e.png,Akuma-kun: Youkoso Akuma Land e!! Episode 1,04-06-2020 11:21
A,Al Caral no Isan,https://gogocdn.net/cover/al-caral-no-isan.png,Al Caral no Isan Episode 1,17-03-2019 13:11
A,Alakazam the Great (Dub),https://gogocdn.net/cover/alakazam-the-great-dub.png,Alakazam the Great (Dub) Episode 1,03-11-2016 01:44
A,Aldnoah.Zero,https://gogocdn.net/images/summer/Aldnoah.Zero.jpg,Aldnoah.Zero Episode 12,20-09-2014 10:06
A,Aldnoah.Zero (Dub),https://gogocdn.net/cover/aldnoah-zero-dub.png,Aldnoah.Zero (Dub) Episode 12,03-11-2016 02:46
A,Aldnoah.Zero 2nd Season,https://gogocdn.net/images/upload/162771.jpg,Aldnoah.Zero 2nd Season Episode 12,28-03-2015 10:31
A,Aldnoah.Zero 2nd Season (Dub),https://gogocdn.net/cover/aldnoah-zero-2nd-season-dub.png,Aldnoah.Zero 2nd Season (Dub) Episode 12,03-11-2016 02:50
A,Alexander Senki,https://gogocdn.net/cover/alexander-senki.png,Alexander Senki Episode 13,20-03-2021 00:10
A,Alexander Senki (Dub),https://gogocdn.net/cover/alexander-senki-dub.png,Alexander Senki (Dub) Episode 13,03-11-2016 00:59
A,Ali-Baba and the Forty Thieves (Dub),https://gogocdn.net/cover/ali-baba-and-the-forty-thieves-dub.png,Ali-Baba and the Forty Thieves (Dub) Episode 1,03-11-2016 01:47
A,Alice in Deadly School,https://gogocdn.net/cover/alice-in-deadly-school.png,Alice in Deadly School Episode 1,30-03-2021 01:07
A,Alice in the Country of Hearts,https://gogocdn.net/images/anime/A/68104.jpg,Alice in the Country of Hearts Episode 1,31-12-2009 16:00
A,Alice in Wonderland (Dub),https://gogocdn.net/cover/alice-in-wonderland-dub.png,Alice in Wonderland (Dub) Episode 52,02-11-2016 20:58
A,Alice or Alice: Siscon Niisan to Futago no Imouto,https://gogocdn.net/cover/alice-or-alice-siscon-niisan-to-futago-no-imouto.png,Alice or Alice: Siscon Niisan to Futago no Imouto Episode 12,20-06-2018 01:16
A,Alice to Zouroku,https://gogocdn.net/cover/alice-to-zouroku.png,Alice to Zouroku Episode 12,25-06-2017 08:07
A,Alice to Zouroku (Dub),https://gogocdn.net/cover/alice-to-zouroku-dub.png,Alice to Zouroku (Dub) Episode 12,26-07-2017 19:56
A,Alice to Zouroku Special,https://gogocdn.net/cover/alice-to-zouroku-special.png,Alice to Zouroku Special Episode 1,07-05-2017 09:04
A,Alien 9,https://gogocdn.net/images/anime/A/alien-9.jpg,Alien 9 Episode 4,31-12-2009 16:00
A,All Out!!,https://gogocdn.net/cover/all-out.png,All Out!! Episode 25,30-03-2017 09:37
A,All Out!! (Dub),https://gogocdn.net/cover/all-out-dub.png,All Out!! (Dub) Episode 25,01-05-2017 23:51
A,All Purpose Cat Girl Nuku Nuku Dash,https://gogocdn.net/images/anime/A/all-purpose-cat-girl-nuku-nuku-dash.jpg,All Purpose Cat Girl Nuku Nuku Dash Episode 12,31-12-2009 16:00
A,All Purpose Cat Girl Nuku Nuku OVA,https://gogocdn.net/images/anime/A/All-Purpose-Cat-Girl-Nuku Nuku-OVA.jpg,All Purpose Cat Girl Nuku Nuku OVA Episode 6,17-03-2014 19:54
A,All Purpose Cat Girl Nuku Nuku TV,https://gogocdn.net/images/anime/A/All-Purpose-Cat-Girl-Nuku Nuku-TV.jpg,All Purpose Cat Girl Nuku Nuku TV Episode 12,17-03-2014 20:11
A,All Purpose Cat Girl Nuku Nuku TV Specials,https://gogocdn.net/images/anime/A/All-Purpose-Cat-Girl-Nuku Nuku-TV.jpg,All Purpose Cat Girl Nuku Nuku TV Specials Episode 2,17-03-2014 20:06
A,Allison and Lillia,https://gogocdn.net/images/anime/Allison and Lillia.jpg,Allison and Lillia Episode 26,31-12-2009 16:00
A,Alps Monogatari: Watashi no Annette,https://gogocdn.net/cover/alps-monogatari-watashi-no-annette.png,Alps Monogatari: Watashi no Annette Episode 48,25-08-2019 20:22
A,Alps no Shoujo Heidi,https://gogocdn.net/cover/alps-no-shoujo-heidi.png,Alps no Shoujo Heidi Episode 52,18-08-2019 18:22
A,Alps no Shoujo Heidi (1979),https://gogocdn.net/cover/alps-no-shoujo-heidi-1979.png,Alps no Shoujo Heidi (1979) Episode 1,16-09-2019 12:24
A,Alps no Shoujo Heidi: Alm no Yama-hen,https://gogocdn.net/cover/alps-no-shoujo-heidi-alm-no-yama-hen.png,Alps no Shoujo Heidi: Alm no Yama-hen Episode 1,16-09-2019 12:16
A,Alps no Shoujo Heidi: Heidi to Clara-hen,https://gogocdn.net/cover/alps-no-shoujo-heidi-heidi-to-clara-hen.png,Alps no Shoujo Heidi: Heidi to Clara-hen Episode 1,15-09-2019 21:45
A,"Altered Carbon: Resleeved	",https://gogocdn.net/cover/altered-carbon-resleeved.png,"Altered Carbon: Resleeved	 Episode 1",19-03-2020 22:22
A,Altered Carbon: Resleeved (Dub),https://gogocdn.net/cover/altered-carbon-resleeved-dub.png,Altered Carbon: Resleeved (Dub) Episode 1,19-03-2020 22:54
A,Amaama to Inazuma,https://gogocdn.net/cover/amaama-to-inazuma.jpg,Amaama to Inazuma Episode 12,19-09-2016 11:33
A,Amada Anime Series: Super Mario Brothers,https://gogocdn.net/cover/amada-anime-series-super-mario-brothers.png,Amada Anime Series: Super Mario Brothers Episode 3,01-03-2021 20:06
A,Amaenaide yo!! (Dub),https://gogocdn.net/cover/amaenaide-yo-dub.png,Amaenaide yo!! (Dub) Episode 13,03-11-2016 03:03
A,Amaenaide yo!! Katsu!! (Dub),https://gogocdn.net/cover/amaenaide-yo-katsu-dub.png,Amaenaide yo!! Katsu!! (Dub) Episode 13,03-11-2016 03:07
A,Amaenaideyo,https://gogocdn.net/images/anime/amaenaideyo.jpg,Amaenaideyo Episode 13,31-12-2009 16:00
A,Amaenaideyo Katsu,https://gogocdn.net/images/anime/amaenaideyo.jpg,Amaenaideyo Katsu Episode 13,31-12-2009 16:00
A,Amagami SS,https://gogocdn.net/images/anime/amagami-ss.jpg,Amagami SS Episode 26,31-12-2009 16:00
A,Amagami SS OVA,https://gogocdn.net/images/anime/amagami-ss.jpg,Amagami SS OVA Episode 2,31-12-2009 16:00
A,Amagami SS plus,https://gogocdn.net/images/anime/Amagami SS plus.jpg,Amagami SS plus Episode 13,31-12-2009 16:00
A,Amagami SS plus OVA,https://gogocdn.net/images/anime/Amagami SS plus.jpg,Amagami SS plus OVA Episode 8,23-03-2014 00:56
A,Amagi Brilliant Park,https://gogocdn.net/images/fall/Amagi Brilliant Park.jpg,Amagi Brilliant Park Episode 13,26-12-2014 08:46
A,Amagi Brilliant Park (Dub),https://gogocdn.net/cover/amagi-brilliant-park-dub.png,Amagi Brilliant Park (Dub) Episode 13,09-09-2020 22:52
A,Amagi Brilliant Park OVA,https://gogocdn.net/images/upload/72275.jpg,Amagi Brilliant Park OVA Episode 1,27-06-2015 18:10
A,Amagi Brilliant Park Specials,https://gogocdn.net/images/upload/67615.jpg,Amagi Brilliant Park Specials Episode 7,08-07-2015 08:04
A,Amagi Brilliant Park: Nonbirishiteiru Hima ga Nai! (Dub),https://gogocdn.net/cover/amagi-brilliant-park-nonbirishiteiru-hima-ga-nai-dub.png,Amagi Brilliant Park: Nonbirishiteiru Hima ga Nai! (Dub) Episode 1,10-09-2020 09:08
A,Amai Choubatsu: Watashi wa Kanshu Senyou Pet,https://gogocdn.net/cover/amai-choubatsu-watashi-wa-kanshu-senyou-pet.png,No Episodes Uploaded...,Not Released Yet...
A,Amanchu!,https://gogocdn.net/cover/amanchu.jpg,Amanchu! Episode 12,23-09-2016 08:36
A,Amanchu! Advance,https://gogocdn.net/cover/amanchu-advance.png,Amanchu! Advance Episode 12,22-06-2018 23:10
A,Amanchu! Special,https://gogocdn.net/cover/amanchu-special.png,Amanchu! Special Episode 1,08-08-2017 03:28
A,Amatsuki,https://gogocdn.net/images/anime/amatsuki.jpg,Amatsuki Episode 13,31-12-2009 16:00
A,Amazing Nurse Nanako,https://gogocdn.net/images/anime/amazing-nurse-nanako.jpg,Amazing Nurse Nanako Episode 6,31-12-2009 16:00
A,Ame-iro Cocoa,https://gogocdn.net/images/upload/72517.jpg,Ame-iro Cocoa Episode 12,21-06-2015 08:23
A,Ame-iro Cocoa in Hawaii,https://gogocdn.net/cover/ame-iro-cocoa-in-hawaii.png,Ame-iro Cocoa in Hawaii Episode 12,10-11-2017 07:31
A,Ame-iro Cocoa Series: Ame-con!!,https://gogocdn.net/cover/ame-iro-cocoa-series-ame-con.png,Ame-iro Cocoa Series: Ame-con!! Episode 12,20-12-2017 08:55
A,Ame-iro Cocoa: Rainy Color e Youkoso!,https://gogocdn.net/images/upload/178150.jpg,Ame-iro Cocoa: Rainy Color e Youkoso! Episode 12,20-12-2015 07:25
A,Ame-iro Cocoa: Side G,https://gogocdn.net/cover/ame-iro-cocoa-side-g.png,Ame-iro Cocoa: Side G Episode 12,26-03-2019 02:53
A,Amefuri Kozou,https://gogocdn.net/cover/amefuri-kozou.png,Amefuri Kozou Episode 1,22-11-2020 20:39
A,Amefuri Kozou (Dub),https://gogocdn.net/cover/amefuri-kozou-dub.png,Amefuri Kozou (Dub) Episode 1,03-11-2016 01:48
A,American Dragon Jake Long,https://gogocdn.net/images/anime/american-dragon-jake-long.jpg,American Dragon Jake Long Episode 21,31-12-2009 16:00
A,American Dragon Jake Long Season 2,https://gogocdn.net/images/anime/american-dragon-jake-long.jpg,American Dragon Jake Long Season 2 Episode 31,31-12-2009 16:00
A,Amnesia,https://gogocdn.net/images/anime/amnesia.jpg,Amnesia Episode 12,31-12-2009 16:00
A,Amnesia (Dub),https://gogocdn.net/cover/amnesia-dub.png,Amnesia (Dub) Episode 12,03-11-2016 03:10
A,Amnesia OVA,https://gogocdn.net/images/anime/amnesia.jpg,Amnesia OVA Episode 1,27-05-2014 20:45
A,Amon Saga,https://gogocdn.net/cover/amon-saga.png,Amon Saga Episode 1,08-09-2020 00:17
A,Amon The Apocalypse of Devilman,https://gogocdn.net/images/anime/A/14016.jpg,Amon The Apocalypse of Devilman Episode 1,31-12-2009 16:00
A,Amon: Devilman Mokushiroku,https://gogocdn.net/cover/amon-devilman-mokushiroku.png,Amon: Devilman Mokushiroku Episode 1,09-12-2020 19:48
A,Amuri in Star Ocean,https://gogocdn.net/images/anime/amuri-in-star-ocean.jpg,Amuri in Star Ocean Episode 3,31-12-2009 16:00
A,An Jie Shen Shi,https://gogocdn.net/cover/an-jie-shen-shi.png,An Jie Shen Shi Episode 11,03-03-2021 00:18
A,Android Ana Maico 2010,https://gogocdn.net/cover/android-ana-maico-2010.png,Android Ana Maico 2010 Episode 24,30-01-2020 02:31
A,Android Kikaider (Dub),https://gogocdn.net/cover/android-kikaider-dub.png,Android Kikaider (Dub) Episode 13,05-11-2016 11:35
A,Ane Log,https://gogocdn.net/images/anime/A/ane log.jpg,Ane Log Episode 3,23-06-2015 13:47
A,Ane Log Specials,https://gogocdn.net/images/upload/ane_log.jpg,Ane Log Specials Episode 3,02-07-2015 19:50
A,Ange Vierge,https://gogocdn.net/cover/ange-vierge.jpg,Ange Vierge Episode 12,24-09-2016 11:06
A,Angel Beats,https://gogocdn.net/images/anime/angel-beats.jpg,Angel Beats Episode 15,25-06-2015 03:48
A,Angel Beats! (Dub),https://gogocdn.net/cover/angel-beats-dub.png,Angel Beats! (Dub) Episode 13,05-11-2016 13:30
A,Angel Cop ,https://gogocdn.net/images/anime/angel-cop.jpg,Angel Cop  Episode 6,31-12-2009 16:00
A,Angel Cop (Dub),https://gogocdn.net/cover/angel-cop-dub.png,Angel Cop (Dub) Episode 6,05-11-2016 13:33
A,Angel Densetsu,https://gogocdn.net/cover/angel-densetsu.png,Angel Densetsu Episode 2,26-09-2020 22:35
A,Angel Egg,https://gogocdn.net/images/anime/A/3071.jpg,Angel Egg Episode 1,31-12-2009 16:00
A,Angel Feather,https://gogocdn.net/images/anime/A/11269.jpg,Angel Feather Episode 1,31-12-2009 16:00
A,Angel Heart,https://gogocdn.net/images/anime/Angel Heart.jpg,Angel Heart Episode 50,31-12-2009 16:00
A,Angel Links,https://gogocdn.net/images/anime/Angel Links.jpg,Angel Links Episode 13,31-12-2009 16:00
A,Angel Links (Dub),https://gogocdn.net/cover/angel-links-dub.png,Angel Links (Dub) Episode 13,08-01-2017 22:43
A,Angel Sanctuary,https://gogocdn.net/images/anime/Angel Sanctuary.jpg,Angel Sanctuary Episode 3,31-12-2009 16:00
A,Angel Sanctuary (Dub),https://gogocdn.net/cover/angel-sanctuary-dub.png,Angel Sanctuary (Dub) Episode 3,08-01-2017 22:48
A,Angel Tales,https://gogocdn.net/images/anime/angel-tales.jpg,Angel Tales Episode 13,31-12-2009 16:00
A,Angel Tales (Dub),https://gogocdn.net/cover/angel-tales-dub.png,Angel Tales (Dub) Episode 13,08-01-2017 22:53
A,Angel Tales Chu,https://gogocdn.net/images/anime/angel-tales.jpg,Angel Tales Chu Episode 5,31-12-2009 16:00
A,Angelic Layer ,https://gogocdn.net/images/anime/angelic-layer.jpg,Angelic Layer  Episode 26,31-12-2009 16:00
A,Angelic Layer (Dub),https://gogocdn.net/cover/angelic-layer-dub.png,Angelic Layer (Dub) Episode 26,08-01-2017 23:01
A,Angelique Kagayaki no Ashita,https://gogocdn.net/images/anime/Angelique Kagayaki no Ashita.jpg,Angelique Kagayaki no Ashita Episode 12,31-12-2009 16:00
A,Angelique Kagayaki no Ashita OVA,https://gogocdn.net/images/anime/Angelique Kagayaki no Ashita.jpg,Angelique Kagayaki no Ashita OVA Episode 1,31-12-2009 16:00
A,Angelique OVA,https://gogocdn.net/images/anime/Angelique OVA.jpg,Angelique OVA Episode 3,31-12-2009 16:00
A,Angelique when the Heart Awakens,https://gogocdn.net/images/anime/Angelique when the Heart Awakens.jpg,Angelique when the Heart Awakens Episode 13,31-12-2009 16:00
A,Angelique when the Heart Awakens OVA,https://gogocdn.net/images/anime/Angelique when the Heart Awakens.jpg,Angelique when the Heart Awakens OVA Episode 1,31-12-2009 16:00
A,Angolmois: Genkou Kassenki,https://gogocdn.net/cover/angolmois-genkou-kassenki.png,Angolmois: Genkou Kassenki Episode 12,25-09-2018 02:26
A,Ani ni Tsukeru Kusuri wa Nai!,https://gogocdn.net/cover/ani-ni-tsukeru-kusuri-wa-nai.png,Ani ni Tsukeru Kusuri wa Nai! Episode 12,30-06-2017 19:47
A,Ani ni Tsukeru Kusuri wa Nai! 2,https://gogocdn.net/cover/ani-ni-tsukeru-kusuri-wa-nai-2.png,Ani ni Tsukeru Kusuri wa Nai! 2 Episode 24,17-12-2018 02:55
A,Ani ni Tsukeru Kusuri wa Nai! 3,https://gogocdn.net/cover/ani-ni-tsukeru-kusuri-wa-nai-3.png,Ani ni Tsukeru Kusuri wa Nai! 3 Episode 12,23-12-2019 10:20
A,Ani ni Tsukeru Kusuri wa Nai! 4,https://gogocdn.net/cover/ani-ni-tsukeru-kusuri-wa-nai-4.png,Ani ni Tsukeru Kusuri wa Nai! 4 Episode 12,18-12-2020 08:34
A,Ani Tore! EX,https://gogocdn.net/images/upload/75973.jpg,Ani Tore! EX Episode 12,28-12-2015 10:50
A,Ani x Para: Anata no Hero wa Dare desu ka,https://gogocdn.net/cover/ani-x-para-anata-no-hero-wa-dare-desu-ka.png,Ani x Para: Anata no Hero wa Dare desu ka Episode 12,08-07-2021 04:19
A,Anima Yell!,https://gogocdn.net/cover/anima-yell.png,Anima Yell! Episode 12,23-12-2018 00:28
A,Animal Crossing,https://gogocdn.net/images/Animal Crossing.jpg,Animal Crossing Episode 1,02-04-2014 21:18
A,Animation Kapibara-san,https://gogocdn.net/cover/animation-kapibara-san.png,Animation Kapibara-san Episode 24,25-03-2021 17:20
A,Animation Seisaku Shinkou Kuromi-chan (Dub),https://gogocdn.net/cover/animation-seisaku-shinkou-kuromi-chan-dub.png,Animation Seisaku Shinkou Kuromi-chan (Dub) Episode 2,08-01-2017 23:05
A,Anime de Wakaru Shinryounaika,https://gogocdn.net/images/upload/Anime de Wakaru Shinryounaika.jpg,Anime de Wakaru Shinryounaika Episode 20,25-06-2015 14:03
A,Anime Mirai 2014,https://gogocdn.net/images/Anime-Mirai-2014.jpg,Anime Mirai 2014 Episode 4,22-09-2014 19:56
A,Anime Sanjuushi,https://gogocdn.net/cover/anime-sanjuushi.png,Anime Sanjuushi Episode 52,17-04-2021 02:41
A,Animegataris,https://gogocdn.net/cover/animegataris.png,Animegataris Episode 12,24-12-2017 07:29
A,Animegataris (Dub),https://gogocdn.net/cover/animegataris-dub.png,Animegataris (Dub) Episode 12,21-01-2018 01:08
A,Anitore! XX,https://gogocdn.net/cover/anitore-xx.png,Anitore! XX Episode 12,21-12-2016 08:00
A,Anju to Zushiou Maru,https://gogocdn.net/images/Anju-to-Zushiou-Maru.jpg,Anju to Zushiou Maru Episode 1,07-04-2014 20:00
A,Ankoku Shindenshou Takegami,https://gogocdn.net/cover/ankoku-shindenshou-takegami.png,Ankoku Shindenshou Takegami Episode 3,26-04-2021 19:06
A,Ankoku Shindenshou Takegami (Dub),https://gogocdn.net/cover/ankoku-shindenshou-takegami-dub.png,Ankoku Shindenshou Takegami (Dub) Episode 3,26-04-2021 19:02
A,Anne Happy♪,https://gogocdn.net/cover/unhappy.jpg,Anne Happy♪ Episode 12,23-06-2016 07:07
A,Ano Hi Mita Hana no Namae wo Bokutachi wa Mada Shiranai. (Dub),https://gogocdn.net/cover/ano-hi-mita-hana-no-namae-wo-bokutachi-wa-mada-shiranai-dub.png,Ano Hi Mita Hana no Namae wo Bokutachi wa Mada Shiranai. (Dub) Episode 11,02-01-2020 12:49
A,Ano Hi Mita Hana no Namae wo Bokutachi wa Mada Shiranai.: Menma e no Tegami,https://gogocdn.net/cover/ano-hi-mita-hana-no-namae-wo-bokutachi-wa-mada-shiranai-menma-e-no-tegami.png,Ano Hi Mita Hana no Namae wo Bokutachi wa Mada Shiranai.: Menma e no Tegami Episode 1,18-08-2020 03:12
A,Ano Hi no Kanojo-tachi,https://gogocdn.net/cover/ano-hi-no-kanojo-tachi.png,Ano Hi no Kanojo-tachi Episode 8,26-07-2019 22:45
A,Ano Natsu de Matteru,https://gogocdn.net/images/anime/Ano Natsu de Matteru.jpg,Ano Natsu de Matteru Episode 12,31-12-2009 16:00
A,Ano Natsu de Matteru (Dub),https://gogocdn.net/cover/ano-natsu-de-matteru-dub.png,Ano Natsu de Matteru (Dub) Episode 12,28-10-2019 14:52
A,Ano Natsu de Matteru Special,https://gogocdn.net/images/summer/63493.jpg,Ano Natsu de Matteru Special Episode 1,27-09-2014 09:10
A,Anohana,https://gogocdn.net/cover/anohana.png,Anohana Episode 11,25-03-2014 01:17
A,AnoHana The Movie,https://gogocdn.net/images/anohana-the-movie-the-flower-we-saw-that-day-2014.jpg,AnoHana The Movie Episode 1,04-04-2014 18:46
A,Another (Anime),https://gogocdn.net/images/anime/Another Anime.jpg,Another (Anime) Episode 12,31-12-2009 16:00
A,Another (Dub),https://gogocdn.net/cover/another-dub.png,Another (Dub) Episode 12,08-01-2017 23:11
A,Another OVA,https://gogocdn.net/images/anime/Another Anime.jpg,Another OVA Episode 1,31-12-2009 16:00
A,Another World,https://gogocdn.net/cover/another-world.png,Another World Episode 3,22-11-2019 18:19
A,Ansatsu Kyoushitsu,https://gogocdn.net/images/upload/64595.jpg,Ansatsu Kyoushitsu Episode 22,19-06-2015 10:43
A,Ansatsu Kyoushitsu (TV) (Dub),https://gogocdn.net/cover/ansatsu-kyoushitsu-tv-dub.png,Ansatsu Kyoushitsu (TV) (Dub) Episode 22,08-01-2017 23:19
A,Ansatsu Kyoushitsu (TV) 2nd Season,https://gogocdn.net/images/upload/77611.jpg,Ansatsu Kyoushitsu (TV) 2nd Season Episode 25,30-06-2016 11:08
A,Ansatsu Kyoushitsu (TV) 2nd Season (Dub),https://gogocdn.net/cover/ansatsu-kyoushitsu-tv-2nd-season-dub.png,Ansatsu Kyoushitsu (TV) 2nd Season (Dub) Episode 25,20-08-2018 09:47
A,Ansatsu Kyoushitsu OVA,https://gogocdn.net/images/Ansatsu Kyoushitsu OVA.jpg,Ansatsu Kyoushitsu OVA Episode 1,08-03-2014 06:01
A,Ansatsu Kyoushitsu: 365-nichi no Jikan,https://gogocdn.net/cover/ansatsu-kyoushitsu-365-nichi-no-jikan.png,Ansatsu Kyoushitsu: 365-nichi no Jikan Episode 1,03-11-2017 02:20
A,Antique Bakery,https://gogocdn.net/images/anime/Antique Bakery.jpg,Antique Bakery Episode 12,31-12-2009 16:00
A,Anyamaru Tantei Kiruminzuu,https://gogocdn.net/images/anime/Anyamaru Tantei Kiruminzuu.jpg,Anyamaru Tantei Kiruminzuu Episode 50,31-12-2009 16:00
A,Ao Haru Ride,https://gogocdn.net/images/summer/ao_haru_ride.jpg,Ao Haru Ride Episode 12,22-09-2014 12:05
A,Ao Haru Ride: Unwritten,https://gogocdn.net/images/summer/160147.jpg,Ao Haru Ride: Unwritten Episode 2,29-12-2014 09:52
A,Ao no 6-gou (Dub),https://gogocdn.net/cover/ao-no-6-gou-dub.png,Ao no 6-gou (Dub) Episode 4,05-07-2021 15:20
A,Ao no Exorcist ,https://gogocdn.net/images/anime/ao-no-exorcist.jpg,Ao no Exorcist  Episode 25,31-12-2009 16:00
A,Ao no Exorcist (Dub),https://gogocdn.net/cover/ao-no-exorcist-dub.png,Ao no Exorcist (Dub) Episode 25,08-01-2017 23:27
A,Ao no Exorcist Movie,https://gogocdn.net/images/anime/A/93872.jpg,Ao no Exorcist Movie Episode 1,31-12-2009 16:00
A,Ao no Exorcist Movie (Dub),https://gogocdn.net/cover/ao-no-exorcist-movie-dub.png,Ao no Exorcist Movie (Dub) Episode 1,02-08-2018 11:57
A,Ao no Exorcist OVA,https://gogocdn.net/cover/ao-no-exorcist-ova.png,Ao no Exorcist OVA Episode 2,09-04-2018 14:03
A,Ao no Exorcist: Kuro no Iede OVA,https://gogocdn.net/images/anime/ao-no-exorcist.jpg,Ao no Exorcist: Kuro no Iede OVA Episode 1,31-12-2009 16:00
A,Ao no Exorcist: Kyoto Fujouou-hen,https://gogocdn.net/cover/ao-no-exorcist-kyoto-fujouou-hen.png,Ao no Exorcist: Kyoto Fujouou-hen Episode 12,24-03-2017 11:51
A,Ao no Exorcist: Kyoto Fujouou-hen (Dub),https://gogocdn.net/cover/ao-no-exorcist-kyoto-fujouou-hen-dub.png,Ao no Exorcist: Kyoto Fujouou-hen (Dub) Episode 12,16-10-2020 14:15
A,Ao no Kanata no Four Rhythm,https://gogocdn.net/images/upload/179819.jpg,Ao no Kanata no Four Rhythm Episode 12,28-03-2016 12:46
A,Ao Oni The Animation (Movie),https://gogocdn.net/cover/ao-oni-the-animation-movie.png,Ao Oni The Animation (Movie) Episode 1,12-02-2017 09:06
A,Ao Oni: The Animation,https://gogocdn.net/cover/ao-oni-the-animation.png,Ao Oni: The Animation Episode 13,08-01-2017 15:09
A,Aoharu x Kikanjuu,https://gogocdn.net/images/upload/aoharu.jpg,Aoharu x Kikanjuu Episode 12,18-09-2015 22:04
A,Aoharu x Kikanjuu (Dub),https://gogocdn.net/cover/aoharu-x-kikanjuu-dub.png,Aoharu x Kikanjuu (Dub) Episode 12,14-04-2019 23:57
A,Aoharu x Kikanjuu Special,https://gogocdn.net/images/upload/76478.jpg,Aoharu x Kikanjuu Special Episode 1,09-01-2016 17:06
A,Aoi Blink,https://gogocdn.net/cover/aoi-blink.png,Aoi Blink Episode 39,29-08-2019 00:31
A,Aoi Bungaku ,https://gogocdn.net/images/anime/aoi-bungaku.jpg,Aoi Bungaku  Episode 12,31-12-2009 16:00
A,Aoi Hana,https://gogocdn.net/images/anime/aoi-hana.jpg,Aoi Hana Episode 11,31-12-2009 16:00
A,Aoi Sekai no Chuushin de,https://gogocdn.net/images/anime/Aoi Sekai no Chuushin de.jpg,Aoi Sekai no Chuushin de Episode 3,31-12-2009 16:00
A,Aoi Sekai no Chuushin de (Dub),https://gogocdn.net/cover/aoi-sekai-no-chuushin-de-dub.png,Aoi Sekai no Chuushin de (Dub) Episode 3,14-04-2019 23:52
A,Aoi Umi no Tristia,https://gogocdn.net/cover/aoi-umi-no-tristia.png,Aoi Umi no Tristia Episode 2,20-01-2019 15:40
A,Aoki Densetsu Shoot,https://gogocdn.net/images/anime/Aoki Densetsu Shoot.jpg,Aoki Densetsu Shoot Episode 58,31-12-2009 16:00
A,Aoki Hagane no Arpeggio: Ars Nova,https://gogocdn.net/images/anime/Aoki-Hagane-no-Arpeggio-Ars-Nova.jpg,Aoki Hagane no Arpeggio: Ars Nova Episode 12,31-12-2009 16:00
A,Aoki Hagane no Arpeggio: Ars Nova Cadenza,https://gogocdn.net/cover/aoki-hagane-no-arpeggio-ars-nova-cadenza.jpg,Aoki Hagane no Arpeggio: Ars Nova Cadenza Episode 1,01-04-2016 20:51
A,Aoki Hagane no Arpeggio: Ars Nova DC,https://gogocdn.net/images/upload/162562.jpg,Aoki Hagane no Arpeggio: Ars Nova DC Episode 1,28-09-2015 23:11
A,Aozora Shoujo-tai,https://gogocdn.net/cover/aozora-shoujo-tai.png,Aozora Shoujo-tai Episode 7,20-10-2019 23:15
A,Aozora Shoujotai (Dub),https://gogocdn.net/cover/aozora-shoujotai-dub.png,Aozora Shoujotai (Dub) Episode 7,13-06-2021 13:03
A,Apfelland Monogatari,https://gogocdn.net/images/Apfelland_Monogatari.jpg,Apfelland Monogatari Episode 1,07-04-2014 20:05
A,Appare-Ranman!,https://gogocdn.net/cover/appare-ranman.png,Appare-Ranman! Episode 13,25-09-2020 06:58
A,Appare-Ranman! (Dub),https://gogocdn.net/cover/appare-ranman-dub.png,Appare-Ranman! (Dub) Episode 13,11-12-2020 05:29
A,Appleseed,https://gogocdn.net/images/anime/A/83729.jpg,Appleseed Episode 1,31-12-2009 16:00
A,Appleseed (Dub),https://gogocdn.net/cover/appleseed-dub.png,Appleseed (Dub) Episode 1,03-08-2018 16:27
A,Appleseed 1988 (Dub),https://gogocdn.net/cover/appleseed-1988-dub.png,Appleseed 1988 (Dub) Episode 1,02-06-2020 23:07
A,Appleseed Alpha,https://gogocdn.net/images/summer/appleseed alpha.jpg,Appleseed Alpha Episode 1,24-08-2016 01:22
A,Appleseed Alpha (Dub),https://gogocdn.net/cover/appleseed-alpha-dub.png,Appleseed Alpha (Dub) Episode 1,02-08-2018 11:59
A,Appleseed Saga Ex Machina (Dub),https://gogocdn.net/cover/appleseed-saga-ex-machina-dub.png,Appleseed Saga Ex Machina (Dub) Episode 1,14-11-2020 21:14
A,Appleseed XIII,https://gogocdn.net/images/anime/Appleseed XIII.jpg,Appleseed XIII Episode 13,22-09-2014 20:45
A,Appleseed XIII (Dub),https://gogocdn.net/cover/appleseed-xiii-dub.png,Appleseed XIII (Dub) Episode 13,02-08-2018 10:56
A,Appleseed XIII Movie,https://gogocdn.net/images/appleseed_xiii_movie.jpg,Appleseed XIII Movie Episode 2,14-05-2014 08:45
A,Appleseed XIII Remix Movie 1: Yuigon (Dub),https://gogocdn.net/cover/appleseed-xiii-remix-movie-1-yuigon-dub.png,Appleseed XIII Remix Movie 1: Yuigon (Dub) Episode 1,02-08-2018 12:48
A,Appleseed XIII Remix Movie 2: Yogen (Dub),https://gogocdn.net/cover/appleseed-xiii-remix-movie-2-yogen-dub.png,Appleseed XIII Remix Movie 2: Yogen (Dub) Episode 1,02-08-2018 13:38
A,Appleseed: Ex Machina,https://gogocdn.net/images/anime/A/83672.jpg,Appleseed: Ex Machina Episode 1,31-12-2009 16:00
A,Aquarian Age,https://gogocdn.net/images/anime/Aquarian Age.jpg,Aquarian Age Episode 13,31-12-2009 16:00
A,Aquarian Age: Sign for Evolution (Dub),https://gogocdn.net/cover/aquarian-age-sign-for-evolution-dub.png,Aquarian Age: Sign for Evolution (Dub) Episode 13,02-08-2018 11:52
A,Aquarion (Dub),https://gogocdn.net/cover/aquarion-dub.png,Aquarion (Dub) Episode 26,11-01-2017 19:09
A,Aquarion Evol,https://gogocdn.net/images/anime/aquarion-evol.jpg,Aquarion Evol Episode 26,31-12-2009 16:00
A,Aquarion Evol (Dub),https://gogocdn.net/cover/aquarion-evol-dub.png,Aquarion Evol (Dub) Episode 26,11-01-2017 19:23
A,Aquarion Logos,https://gogocdn.net/images/upload/aquarion.jpg,Aquarion Logos Episode 26,26-12-2015 07:28
A,Aquarion Logos (Dub),https://gogocdn.net/cover/aquarion-logos-dub.png,Aquarion Logos (Dub) Episode 26,15-04-2019 00:37
A,Arabian Nights: Sindbad no Bouken (TV),https://gogocdn.net/cover/arabian-nights-sindbad-no-bouken-tv.png,Arabian Nights: Sindbad no Bouken (TV) Episode 52,07-04-2021 00:58
A,Araburu Kisetsu no Otome-domo yo.,https://gogocdn.net/cover/araburu-kisetsu-no-otome-domo-yo.png,Araburu Kisetsu no Otome-domo yo. Episode 12,20-09-2019 11:33
A,Aragne no Mushikago,https://gogocdn.net/cover/aragne-no-mushikago.png,Aragne no Mushikago Episode 1,06-11-2020 06:13
A,Arakawa under the Bridge,https://gogocdn.net/images/anime/Arakawa under the Bridge.jpg,Arakawa under the Bridge Episode 13,31-12-2009 16:00
A,Arakawa under the Bridge x Bridge,https://gogocdn.net/images/anime/Arakawa under the Bridge x Bridge.jpg,Arakawa under the Bridge x Bridge Episode 13,31-12-2009 16:00
A,Arashi no Yoru ni,https://gogocdn.net/cover/arashi-no-yoru-ni.png,Arashi no Yoru ni Episode 1,24-02-2019 15:47
A,Arashi no Yoru ni (Dub),https://gogocdn.net/cover/arashi-no-yoru-ni-dub.png,Arashi no Yoru ni (Dub) Episode 1,24-02-2019 15:07
A,Arashi no Yoru ni: Himitsu no Tomodachi,https://gogocdn.net/images/anime/A/Arashi-no-Yoru-ni-Himitsu-no-Tomodachi.jpg,Arashi no Yoru ni: Himitsu no Tomodachi Episode 26,31-12-2009 16:00
A,Arata Kangatari,https://gogocdn.net/images/anime/A/Arata Kangatari.jpg,Arata Kangatari Episode 12,23-03-2014 01:26
A,Arata naru Sekai: Mirai-hen,https://gogocdn.net/images/1.123.jpg,Arata naru Sekai: Mirai-hen Episode 1,28-04-2014 18:48
A,Arc the Lad (Dub),https://gogocdn.net/cover/arc-the-lad-dub.png,Arc the Lad (Dub) Episode 26,12-01-2017 18:36
A,Arcade Gamer Fubuki (Dub),https://gogocdn.net/cover/arcade-gamer-fubuki-dub.png,Arcade Gamer Fubuki (Dub) Episode 4,12-01-2017 18:39
A,Arcana Famiglia,https://gogocdn.net/images/anime/A/Arcana Famiglia.jpg,Arcana Famiglia Episode 12,31-12-2009 16:00
A,Arcana Famiglia (Dub),https://gogocdn.net/cover/arcana-famiglia-dub.png,Arcana Famiglia (Dub) Episode 12,13-01-2017 01:18
A,Arcana Famiglia: Capriccio - stile Arcana Famiglia,https://gogocdn.net/images/Arcana-Famiglia-OVA.jpg,Arcana Famiglia: Capriccio - stile Arcana Famiglia Episode 1,31-12-2009 16:00
A,Arcana Famiglia: Capriccio - stile Arcana Famiglia (Dub),https://gogocdn.net/cover/arcana-famiglia-capriccio-stile-arcana-famiglia-dub.png,Arcana Famiglia: Capriccio - stile Arcana Famiglia (Dub) Episode 1,02-08-2018 12:53
A,Area 88,https://gogocdn.net/images/anime/A/Area 88.jpg,Area 88 Episode 12,31-12-2009 16:00
A,Area 88 (Dub),https://gogocdn.net/cover/area-88-dub.png,Area 88 (Dub) Episode 12,16-04-2019 23:42
A,Area 88 Ova,https://gogocdn.net/cover/area-88-ova.png,Area 88 Ova Episode 2,11-12-2019 09:58
A,Area no Kishi,https://gogocdn.net/images/anime/A/Area no Kishi.jpg,Area no Kishi Episode 37,31-12-2009 16:00
A,Arei no Kagami: Way to the Virgin Space,https://gogocdn.net/images/Arei no Kagami - Way to the Virgin Space.jpg,Arei no Kagami: Way to the Virgin Space Episode 1,16-04-2014 02:38
A,Argento Soma,https://gogocdn.net/cover/argento-soma.png,Argento Soma Episode 25,24-02-2021 00:29
A,Argento Soma (Dub),https://gogocdn.net/cover/argento-soma-dub.png,Argento Soma (Dub) Episode 25,12-01-2017 19:18
A,Argento Soma Special,https://gogocdn.net/cover/argento-soma-special.png,Argento Soma Special Episode 1,24-02-2021 00:31
A,"Argonavis from BanG Dream!	",https://gogocdn.net/cover/argonavis-from-bang-dream.png,"Argonavis from BanG Dream!	 Episode 13",03-07-2020 11:36
A,Aria the Animation,https://gogocdn.net/images/anime/A/Aria the Animation.jpg,Aria the Animation Episode 13,31-12-2009 16:00
A,Aria the Animation (Dub),https://gogocdn.net/cover/aria-the-animation-dub.png,Aria the Animation (Dub) Episode 13,07-05-2020 23:08
A,Aria The Avvenire,https://gogocdn.net/cover/aria-the-avvenire.jpg,Aria The Avvenire Episode 3,10-07-2016 22:17
A,Aria the Avvenire (Dub),https://gogocdn.net/cover/aria-the-avvenire-dub.png,Aria the Avvenire (Dub) Episode 3,09-05-2020 02:55
A,Aria the Natural,https://gogocdn.net/images/anime/A/Aria the Natural.jpg,Aria the Natural Episode 26,31-12-2009 16:00
A,Aria the Natural (Dub),https://gogocdn.net/cover/aria-the-natural-dub.png,Aria the Natural (Dub) Episode 26,09-05-2020 02:50
A,Aria the Natural OVA,https://gogocdn.net/images/anime/A/Aria the Natural.jpg,Aria the Natural OVA Episode 1,31-12-2009 16:00
A,Aria the Origination,https://gogocdn.net/images/anime/A/Aria the Origination.jpg,Aria the Origination Episode 13,31-12-2009 16:00
A,Aria the Origination (Dub),https://gogocdn.net/cover/aria-the-origination-dub.png,Aria the Origination (Dub) Episode 13,08-05-2020 23:38
A,Arifureta Shokugyou de Sekai Saikyou,https://gogocdn.net/cover/arifureta-shokugyou-de-sekai-saikyou.png,Arifureta Shokugyou de Sekai Saikyou Episode 13,07-10-2019 12:42
A,Arifureta Shokugyou de Sekai Saikyou (Dub),https://gogocdn.net/cover/arifureta-shokugyou-de-sekai-saikyou-dub.png,Arifureta Shokugyou de Sekai Saikyou (Dub) Episode 13,21-10-2019 19:03
A,Arifureta Shokugyou de Sekai Saikyou 2nd Season,https://gogocdn.net/cover/arifureta-shokugyou-de-sekai-saikyou-2nd-season.png,No Episodes Uploaded...,Not Released Yet...
A,Arifureta Shokugyou de Sekai Saikyou Recap,https://gogocdn.net/cover/arifureta-shokugyou-de-sekai-saikyou-recap.png,Arifureta Shokugyou de Sekai Saikyou Recap Episode 1,26-05-2021 23:10
A,Arifureta Shokugyou de Sekai Saikyou Recap (Dub),https://gogocdn.net/cover/arifureta-shokugyou-de-sekai-saikyou-recap-dub.png,Arifureta Shokugyou de Sekai Saikyou Recap (Dub) Episode 1,26-05-2021 23:15
A,Arifureta Shokugyou de Sekai Saikyou Specials,https://gogocdn.net/cover/arifureta-shokugyou-de-sekai-saikyou-specials.png,Arifureta Shokugyou de Sekai Saikyou Specials Episode 2,01-09-2020 17:06
A,Ark,https://gogocdn.net/cover/ark.jpg,Ark Episode 1,08-08-2016 20:11
A,Ark (2004),https://gogocdn.net/cover/ark-2004.png,Ark (2004) Episode 1,20-04-2014 21:08
A,Armed Blue Gunvolt,https://gogocdn.net/cover/armed-blue-gunvolt.png,Armed Blue Gunvolt Episode 1,02-11-2017 08:06
A,Armitage III,https://gogocdn.net/cover/armitage-iii.png,Armitage III Episode 4,16-07-2020 19:11
A,Armitage III (Dub),https://gogocdn.net/cover/armitage-iii-dub.png,Armitage III (Dub) Episode 4,16-07-2020 22:48
A,Armitage III Dual-Matrix (Dub),https://gogocdn.net/cover/armitage-iii-dual-matrix-dub.png,Armitage III Dual-Matrix (Dub) Episode 1,02-08-2018 12:51
A,Armitage III: Polymatrix,https://gogocdn.net/images/anime/A/76425.jpg,Armitage III: Polymatrix Episode 1,31-12-2009 16:00
A,Armitage: Dual Matrix,https://gogocdn.net/images/anime/A/1617.jpg,Armitage: Dual Matrix Episode 1,08-08-2016 19:49
A,Armored Trooper Votoms Case Irvine,https://gogocdn.net/images/votoms_case_irvine.jpg,Armored Trooper Votoms Case Irvine Episode 1,08-04-2014 01:40
A,Armored Trooper Votoms Finder,https://gogocdn.net/images/votoms_finder.jpg,Armored Trooper Votoms Finder Episode 1,08-04-2014 01:45
A,Armored Trooper Votoms Pailsen Files,https://gogocdn.net/images/votoms_Pailsen_Files.jpg,Armored Trooper Votoms Pailsen Files Episode 1,27-04-2014 20:08
A,Armored Trooper Votoms: Big Battle,https://gogocdn.net/images/votoms_big_battle.jpg,Armored Trooper Votoms: Big Battle Episode 1,08-04-2014 01:23
A,Armored Trooper Votoms: Red Shoulder Document,https://gogocdn.net/images/red_shoulder.jpg,Armored Trooper Votoms: Red Shoulder Document Episode 1,27-04-2014 19:39
A,Armored Trooper Votoms: The Last Red Shoulder,https://gogocdn.net/images/votoms_last_red_shoulder.jpg,Armored Trooper Votoms: The Last Red Shoulder Episode 1,08-04-2014 01:28
A,ARP Backstage Pass,https://gogocdn.net/cover/arp-backstage-pass.png,ARP Backstage Pass Episode 10,30-03-2020 08:59
A,Arslan Senki (TV),https://gogocdn.net/images/upload/72332.jpg,Arslan Senki (TV) Episode 25,27-09-2015 02:06
A,Arslan Senki (TV) (Dub),https://gogocdn.net/cover/arslan-senki-tv-dub.png,Arslan Senki (TV) (Dub) Episode 25,13-01-2017 19:04
A,Arslan Senki (TV) OVA,https://gogocdn.net/cover/arslan-senki-tv-ova.jpg,Arslan Senki (TV) OVA Episode 1,29-06-2016 12:29
A,Arslan Senki (TV): Fuujin Ranbu,https://gogocdn.net/cover/arslan-senki-tv-fuujin-ranbu.jpg,Arslan Senki (TV): Fuujin Ranbu Episode 8,21-08-2016 02:23
A,Arslan Senki (TV): Fuujin Ranbu (Dub),https://gogocdn.net/cover/arslan-senki-tv-fuujin-ranbu-dub.jpg,Arslan Senki (TV): Fuujin Ranbu (Dub) Episode 8,08-09-2016 07:31
A,Arte,https://gogocdn.net/cover/arte.png,Arte Episode 12,20-06-2020 07:48
A,Arte (Dub),https://gogocdn.net/cover/arte-dub.png,Arte (Dub) Episode 12,15-11-2020 02:45
A,Artiswitch,https://gogocdn.net/cover/artiswitch.png,Artiswitch Episode 3,09-07-2021 07:12
A,Aru Hi Inu no Kuni kara Tegami ga Kite,https://gogocdn.net/cover/aru-hi-inu-no-kuni-kara-tegami-ga-kite.png,Aru Hi Inu no Kuni kara Tegami ga Kite Episode 1,08-02-2016 20:21
A,Aru Zombie Shoujo no Sainan,https://gogocdn.net/cover/aru-zombie-shoujo-no-sainan.png,Aru Zombie Shoujo no Sainan Episode 1,03-07-2018 00:12
A,Arve Rezzle: Kikaijikake no Yoseitachi (2013),https://gogocdn.net/images/Kikaijikake no Yoseitachi.jpg,Arve Rezzle: Kikaijikake no Yoseitachi (2013) Episode 1,02-04-2014 21:34
A,Asa Made Jugyou Chu (2012),https://gogocdn.net/images/Asa Made Jugyou Chu.jpg,Asa Made Jugyou Chu (2012) Episode 1,02-04-2014 21:38
A,Asagao to Kase-san.,https://gogocdn.net/cover/asagao-to-kase-san.png,Asagao to Kase-san. Episode 1,14-06-2018 22:40
A,Asagao to Kase-san. (Dub),https://gogocdn.net/cover/asagao-to-kase-san-dub.png,Asagao to Kase-san. (Dub) Episode 1,26-08-2020 10:59
A,Asagiri no Miko,https://gogocdn.net/cover/asagiri-no-miko.png,Asagiri no Miko Episode 26,11-11-2019 22:28
A,Asagiri no Miko (Dub),https://gogocdn.net/cover/asagiri-no-miko-dub.png,Asagiri no Miko (Dub) Episode 26,13-01-2017 19:23
A,Asatir: Mirai no Mukashibanashi,https://gogocdn.net/cover/asatir-mirai-no-mukashibanashi.png,Asatir: Mirai no Mukashibanashi Episode 13,27-06-2020 18:51
A,Asatte no Houkou,https://gogocdn.net/images/anime/A/Asatte no Houkou.jpg,Asatte no Houkou Episode 12,31-12-2009 16:00
A,Asatte no Houkou (Dub),https://gogocdn.net/cover/asatte-no-houkou-dub.png,Asatte no Houkou (Dub) Episode 12,13-01-2017 19:47
A,Ashinaga Ojisan (Dub),https://gogocdn.net/cover/ashinaga-ojisan-dub.png,Ashinaga Ojisan (Dub) Episode 1,21-09-2019 18:59
A,Ashita e Attack!,https://gogocdn.net/cover/ashita-e-attack.png,Ashita e Attack! Episode 23,17-08-2020 05:40
A,Ashita e Free Kick,https://gogocdn.net/cover/ashita-e-free-kick.png,Ashita e Free Kick Episode 1,07-03-2019 11:47
A,Ashita no Eleven-tachi,https://gogocdn.net/cover/ashita-no-eleven-tachi.png,Ashita no Eleven-tachi Episode 1,05-07-2021 19:51
A,Ashita no Joe,https://gogocdn.net/images/anime/A/ashita-no-joe.jpg,Ashita no Joe Episode 79,09-07-2014 11:19
A,Ashita no Joe 2,https://gogocdn.net/images/anime/A/Ashita-no-Joe-2.jpg,Ashita no Joe 2 Episode 47,19-03-2014 20:16
A,Ashita no Joe Pilots,https://gogocdn.net/cover/ashita-no-joe-pilots.png,Ashita no Joe Pilots Episode 2,21-10-2019 22:51
A,Ashita no Nadja,https://gogocdn.net/cover/ashita-no-nadja.png,Ashita no Nadja Episode 50,22-09-2019 23:50
A,Ashita Sekai ga Owaru toshitemo,https://gogocdn.net/cover/ashita-sekai-ga-owaru-toshitemo.png,Ashita Sekai ga Owaru toshitemo Episode 1,04-05-2020 07:54
A,Ashley: The growth of monkey king S1,https://gogocdn.net/cover/ashley-the-growth-of-monkey-king-s1.png,Ashley: The growth of monkey king S1 Episode 26,15-04-2021 23:32
A,Ashley: The growth of monkey king S2,https://gogocdn.net/cover/ashley-the-growth-of-monkey-king-s2.png,Ashley: The growth of monkey king S2 Episode 26,15-04-2021 23:42
A,Asobi Asobase,https://gogocdn.net/cover/asobi-asobase.png,Asobi Asobase Episode 12,22-09-2018 22:42
A,Asobi Asobase OVA,https://gogocdn.net/cover/asobi-asobase-ova.png,Asobi Asobase OVA Episode 1,01-06-2019 23:51
A,Asobi Asobase Specials,https://gogocdn.net/cover/asobi-asobase-specials.png,Asobi Asobase Specials Episode 2,29-12-2018 08:24
A,Asobi ni Iku yo!,https://gogocdn.net/images/anime/A/asobi-ni-iku-yo.jpg,Asobi ni Iku yo! Episode 12,31-12-2009 16:00
A,Asobi ni Iku yo! (Dub),https://gogocdn.net/cover/asobi-ni-iku-yo-dub.png,Asobi ni Iku yo! (Dub) Episode 12,16-01-2017 18:43
A,Asobi ni Iku yo! OVA,https://gogocdn.net/cover/asobi-ni-iku-yo-ova.png,Asobi ni Iku yo! OVA Episode 1,23-03-2014 03:00
A,Asobi ni Iku yo!: Asobi ni Oide (Dub),https://gogocdn.net/cover/asobi-ni-iku-yo-asobi-ni-oide-dub.png,Asobi ni Iku yo!: Asobi ni Oide (Dub) Episode 1,13-04-2021 02:05
A,Assassins Pride,https://gogocdn.net/cover/assassins-pride.png,Assassins Pride Episode 12,26-12-2019 07:17
A,Assassins Pride (Dub),https://gogocdn.net/cover/assassins-pride-dub.png,Assassins Pride (Dub) Episode 12,16-01-2020 17:17
A,Assault Lily: Bouquet,https://gogocdn.net/cover/assault-lily-bouquet.png,Assault Lily: Bouquet Episode 12,25-12-2020 05:15
A,Assault Lily: Bouquet (Dub),https://gogocdn.net/cover/assault-lily-bouquet-dub.png,Assault Lily: Bouquet (Dub) Episode 12,04-03-2021 12:44
A,Assault Lily: Fruits,https://gogocdn.net/cover/assault-lily-fruits.png,No Episodes Uploaded...,Not Released Yet...
A,Assemble Insert,https://gogocdn.net/images/upload/61291.jpg,Assemble Insert Episode 2,28-06-2015 17:03
A,Assemble Insert (Dub),https://gogocdn.net/cover/assemble-insert-dub.png,Assemble Insert (Dub) Episode 2,02-10-2020 23:39
A,Astarotte’s Toy Ep EX,https://gogocdn.net/images/anime/A/astarotte-toy.jpg, Episode 1,31-12-2009 16:00
A,Astarottes Toy,https://gogocdn.net/images/anime/A/astarotte-toy.jpg,Astarottes Toy Episode 12,31-12-2009 16:00
A,Astro Boy (1963) (Dub),https://gogocdn.net/cover/astro-boy-1963-dub.png,Astro Boy (1963) (Dub) Episode 104,14-09-2019 14:17
A,Astro Boy (1980) (Dub),https://gogocdn.net/cover/astro-boy-1980-dub.png,Astro Boy (1980) (Dub) Episode 52,16-01-2017 23:11
A,Astro Boy (2003) (Dub),https://gogocdn.net/cover/astro-boy-2003-dub.png,Astro Boy (2003) (Dub) Episode 50,17-01-2017 19:09
A,Astro Boy: Tetsuwan Atom,https://gogocdn.net/cover/astro-boy-tetsuwan-atom.png,Astro Boy: Tetsuwan Atom Episode 50,24-05-2019 00:21
A,Astroganger,https://gogocdn.net/cover/astroganger.png,Astroganger Episode 26,21-02-2021 22:04
A,Asu no Yoichi! ,https://gogocdn.net/images/anime/A/asu-no-yoichi.jpg,Asu no Yoichi!  Episode 12,31-12-2009 16:00
A,Asura,https://gogocdn.net/images/anime/A/128433.jpg,Asura Episode 1,31-12-2009 16:00
A,Asura Cryin,https://gogocdn.net/images/anime/A/asura-cryin.jpg,Asura Cryin Episode 13,31-12-2009 16:00
A,Asura Cryin 2,https://gogocdn.net/images/upload/50897.jpg,Asura Cryin 2 Episode 13,21-07-2015 00:31
A,Atom: The Beginning,https://gogocdn.net/cover/atom-the-beginning.png,Atom: The Beginning Episode 12,09-07-2017 02:39
A,Attack No.1,https://gogocdn.net/cover/attack-no-1.png,Attack No.1 Episode 104,03-06-2019 12:17
A,Attack No.1 (1970),https://gogocdn.net/cover/attack-no-1-1970.png,Attack No.1 (1970) Episode 1,10-06-2019 22:03
A,Attack No.1: Namida no Fushichou,https://gogocdn.net/cover/attack-no-1-namida-no-fushichou.png,Attack No.1: Namida no Fushichou Episode 1,29-06-2019 16:15
A,Attack No.1: Namida no Kaiten Receive,https://gogocdn.net/cover/attack-no-1-namida-no-kaiten-receive.png,Attack No.1: Namida no Kaiten Receive Episode 1,17-06-2019 09:12
A,Attack No.1: Namida no Sekai Senshuken,https://gogocdn.net/cover/attack-no-1-namida-no-sekai-senshuken.png,Attack No.1: Namida no Sekai Senshuken Episode 1,22-06-2019 06:03
A,Attacker You!,https://gogocdn.net/images/upload/55755.jpg,Attacker You! Episode 34,27-06-2021 10:29
A,Aura Battler Dunbine,https://gogocdn.net/images/anime/A/aura-battler-dunbine.jpg,Aura Battler Dunbine Episode 49,31-12-2009 16:00
A,Aura Battler Dunbine (Dub),https://gogocdn.net/cover/aura-battler-dunbine-dub.png,Aura Battler Dunbine (Dub) Episode 49,18-01-2017 22:22
A,Aura: Maryuuin Kouga Saigo no Tatakai,https://gogocdn.net/cover/aura-maryuuin-kouga-saigo-no-tatakai.png,Aura: Maryuuin Kouga Saigo no Tatakai Episode 1,09-06-2020 02:47
A,Aura: Maryuuinkouga Saigo no Tatakai (Dub),https://gogocdn.net/cover/aura-maryuuinkouga-saigo-no-tatakai-dub.png,Aura: Maryuuinkouga Saigo no Tatakai (Dub) Episode 1,02-08-2018 13:00
A,Avatar: The Last Airbender: Book 1 - Water,https://gogocdn.net/cover/avatar-the-last-airbender-book-1-water.png,Avatar: The Last Airbender: Book 1 - Water Episode 20,06-04-2021 10:09
A,Avatar: The Last Airbender: Book 1 - Water (Dub),https://gogocdn.net/cover/avatar-the-last-airbender-book-1-water-dub.png,Avatar: The Last Airbender: Book 1 - Water (Dub) Episode 20,19-04-2021 14:29
A,Avatar: The Last Airbender: Book 2 - Earth,https://gogocdn.net/cover/avatar-the-last-airbender-book-2-earth.png,Avatar: The Last Airbender: Book 2 - Earth Episode 20,06-04-2021 10:40
A,Avatar: The Last Airbender: Book 2 - Earth (Dub),https://gogocdn.net/cover/avatar-the-last-airbender-book-2-earth-dub.png,Avatar: The Last Airbender: Book 2 - Earth (Dub) Episode 19,19-04-2021 14:32
A,Avatar: The Last Airbender: Book 3 - Fire,https://gogocdn.net/cover/avatar-the-last-airbender-book-3-fire.png,Avatar: The Last Airbender: Book 3 - Fire Episode 21,06-04-2021 11:11
A,Avatar: The Last Airbender: Book 3 - Fire (Dub),https://gogocdn.net/cover/avatar-the-last-airbender-book-3-fire-dub.png,Avatar: The Last Airbender: Book 3 - Fire (Dub) Episode 18,19-04-2021 14:34
A,Avatar: The Legend of Korra,https://gogocdn.net/images/anime/A/Avatar-The-Legend-of-Korra.jpg,Avatar: The Legend of Korra Episode 12,16-06-2015 01:36
A,Avatar: The Legend of Korra Book 2: Spirit,https://gogocdn.net/images/anime/A/legend-of-korra-2.jpg,Avatar: The Legend of Korra Book 2: Spirit Episode 14,07-02-2014 19:57
A,Avatar: The Legend of Korra Book 3: Change,https://gogocdn.net/images/The Legend of Korra Book 3.jpg,Avatar: The Legend of Korra Book 3: Change Episode 13,22-08-2014 04:31
A,Avatar: The Legend of Korra Book 4: Balance,https://gogocdn.net/images/avatar-book-04.jpg,Avatar: The Legend of Korra Book 4: Balance Episode 13,19-12-2014 02:46
A,Avenger,https://gogocdn.net/images/anime/A/avenger.jpg,Avenger Episode 13,31-12-2009 16:00
A,Avenger (Dub),https://gogocdn.net/cover/avenger-dub.png,Avenger (Dub) Episode 13,16-01-2017 19:55
A,Avengers Confidential: Black Widow & Punisher (Dub),https://gogocdn.net/cover/avengers-confidential-black-widow-punisher-dub.png,Avengers Confidential: Black Widow & Punisher (Dub) Episode 1,02-08-2018 13:35
A,Aware! Meisaku-kun,https://gogocdn.net/cover/aware-meisaku-kun.png,Aware! Meisaku-kun Episode 114,10-07-2021 00:41
A,AWOL,https://gogocdn.net/cover/awol.png,AWOL Episode 12,06-12-2019 10:27
A,Ayakashi ,https://gogocdn.net/images/anime/A/ayakashi.jpg,Ayakashi  Episode 12,31-12-2009 16:00
A,Ayakashi Japanese Classic Horror,https://gogocdn.net/images/anime/A/ayakashi-japanese-classic-horror.jpg,Ayakashi Japanese Classic Horror Episode 11,31-12-2009 16:00
A,Ayakashi: Japanese Classic Horror (Dub),https://gogocdn.net/cover/ayakashi-japanese-classic-horror-dub.png,Ayakashi: Japanese Classic Horror (Dub) Episode 11,20-02-2020 03:07
A,Ayane High Kick,https://gogocdn.net/images/anime/A/Ayanes High Kick.jpg,Ayane High Kick Episode 1,31-12-2009 16:00
A,Ayane-chan High Kick! (Dub),https://gogocdn.net/cover/ayane-chan-high-kick-dub.png,Ayane-chan High Kick! (Dub) Episode 1,02-08-2018 12:55
A,Ayashi Ayakashi Inferno OVA ,https://gogocdn.net/cover/ayashi-ayakashi-inferno-ova-.jpg,Ayashi Ayakashi Inferno OVA  Episode 5,01-06-2016 23:31
A,Ayashi no Ceres,https://gogocdn.net/images/anime/A/ayashi-no-ceres.jpg,Ayashi no Ceres Episode 24,31-12-2009 16:00
A,Ayashi no Ceres (Dub),https://gogocdn.net/cover/ayashi-no-ceres-dub.png,Ayashi no Ceres (Dub) Episode 24,16-01-2017 22:23
A,Ayatsuri Sakon,https://gogocdn.net/images/anime/A/ayatsuri-sakon.jpg,Ayatsuri Sakon Episode 26,31-12-2009 16:00
A,Azuki-chan (1995),https://gogocdn.net/images/Azuki chan.jpg,Azuki-chan (1995) Episode 1,06-04-2014 01:01
A,Azumanga Daioh,https://gogocdn.net/images/anime/A/azumanga-daioh.jpg,Azumanga Daioh Episode 26,31-12-2009 16:00
A,Azumanga Daioh (Dub),https://gogocdn.net/cover/azumanga-daioh-dub.png,Azumanga Daioh (Dub) Episode 26,02-08-2018 16:34
A,Azumanga Daioh: Gekijou Tanpen,https://gogocdn.net/cover/azumanga-daioh-gekijou-tanpen.png,Azumanga Daioh: Gekijou Tanpen Episode 1,13-06-2021 13:32
A,Azumanga Daioh: Gekijou Tanpen (Dub),https://gogocdn.net/cover/azumanga-daioh-gekijou-tanpen-dub.png,Azumanga Daioh: Gekijou Tanpen (Dub) Episode 1,02-08-2018 12:58
A,Azur Lane,https://gogocdn.net/cover/azur-lane.png,Azur Lane Episode 12,20-03-2020 07:36
A,Azur Lane (Dub),https://gogocdn.net/cover/azur-lane-dub.png,Azur Lane (Dub) Episode 12,05-09-2020 14:26
A,Azur Lane: Bisoku Zenshin!,https://gogocdn.net/cover/azur-lane-bisoku-zenshin.png,Azur Lane: Bisoku Zenshin! Episode 12,29-03-2021 10:39
